user_id,amount,location,label,explanation
8982,106.18,StoreC,NORMAL,The amount $106.18 is typical for normal spending behavior.
5107,192.61,StoreC,NORMAL,The amount $192.61 is typical for normal spending behavior.
2341,159.8,StoreC,NORMAL,The amount $159.8 is typical for normal spending behavior.
9407,139.8,StoreA,NORMAL,The amount $139.8 is typical for normal spending behavior.
1338,73.4,StoreB,NORMAL,The amount $73.4 is typical for normal spending behavior.
6895,73.4,StoreA,NORMAL,The amount $73.4 is typical for normal spending behavior.
3708,58.71,StoreA,NORMAL,The amount $58.71 is typical for normal spending behavior.
2750,179.93,StoreA,NORMAL,The amount $179.93 is typical for normal spending behavior.
6604,140.17,StoreB,NORMAL,The amount $140.17 is typical for normal spending behavior.
3421,156.21,StoreC,NORMAL,The amount $156.21 is typical for normal spending behavior.
8119,53.09,StoreC,NORMAL,The amount $53.09 is typical for normal spending behavior.
9901,195.49,StoreC,NORMAL,The amount $195.49 is typical for normal spending behavior.
6319,174.87,StoreB,NORMAL,The amount $174.87 is typical for normal spending behavior.
7609,81.85,StoreC,NORMAL,The amount $81.85 is typical for normal spending behavior.
6387,77.27,StoreB,NORMAL,The amount $77.27 is typical for normal spending behavior.
4993,77.51,StoreC,NORMAL,The amount $77.51 is typical for normal spending behavior.
9680,95.64,StoreC,NORMAL,The amount $95.64 is typical for normal spending behavior.
9044,128.71,StoreA,NORMAL,The amount $128.71 is typical for normal spending behavior.
9238,114.79,StoreB,NORMAL,The amount $114.79 is typical for normal spending behavior.
5873,93.68,StoreA,NORMAL,The amount $93.68 is typical for normal spending behavior.
5806,141.78,StoreA,NORMAL,The amount $141.78 is typical for normal spending behavior.
9592,70.92,StoreA,NORMAL,The amount $70.92 is typical for normal spending behavior.
6913,93.82,StoreB,NORMAL,The amount $93.82 is typical for normal spending behavior.
8124,104.95,StoreB,NORMAL,The amount $104.95 is typical for normal spending behavior.
4157,118.41,StoreC,NORMAL,The amount $118.41 is typical for normal spending behavior.
1390,167.78,StoreA,NORMAL,The amount $167.78 is typical for normal spending behavior.
5430,79.95,StoreC,NORMAL,The amount $79.95 is typical for normal spending behavior.
9820,127.14,StoreA,NORMAL,The amount $127.14 is typical for normal spending behavior.
8686,138.86,StoreB,NORMAL,The amount $138.86 is typical for normal spending behavior.
5232,56.97,StoreB,NORMAL,The amount $56.97 is typical for normal spending behavior.
9007,141.13,StoreB,NORMAL,The amount $141.13 is typical for normal spending behavior.
2521,75.58,StoreA,NORMAL,The amount $75.58 is typical for normal spending behavior.
2500,59.76,StoreB,NORMAL,The amount $59.76 is typical for normal spending behavior.
7737,192.33,StoreA,NORMAL,The amount $192.33 is typical for normal spending behavior.
4294,194.84,StoreC,NORMAL,The amount $194.84 is typical for normal spending behavior.
6085,171.26,StoreA,NORMAL,The amount $171.26 is typical for normal spending behavior.
3419,95.69,StoreC,NORMAL,The amount $95.69 is typical for normal spending behavior.
4042,64.65,StoreA,NORMAL,The amount $64.65 is typical for normal spending behavior.
5497,152.63,StoreC,NORMAL,The amount $152.63 is typical for normal spending behavior.
2466,116.02,StoreB,NORMAL,The amount $116.02 is typical for normal spending behavior.
4561,68.31,StoreC,NORMAL,The amount $68.31 is typical for normal spending behavior.
1614,124.28,StoreB,NORMAL,The amount $124.28 is typical for normal spending behavior.
6392,55.16,StoreB,NORMAL,The amount $55.16 is typical for normal spending behavior.
8693,186.4,StoreC,NORMAL,The amount $186.4 is typical for normal spending behavior.
4223,88.82,StoreA,NORMAL,The amount $88.82 is typical for normal spending behavior.
8138,149.38,StoreA,NORMAL,The amount $149.38 is typical for normal spending behavior.
3667,96.76,StoreA,NORMAL,The amount $96.76 is typical for normal spending behavior.
8980,128.01,StoreA,NORMAL,The amount $128.01 is typical for normal spending behavior.
1130,132.01,StoreA,NORMAL,The amount $132.01 is typical for normal spending behavior.
3983,77.73,StoreB,NORMAL,The amount $77.73 is typical for normal spending behavior.
5278,195.44,StoreA,NORMAL,The amount $195.44 is typical for normal spending behavior.
8126,166.27,StoreB,NORMAL,The amount $166.27 is typical for normal spending behavior.
9230,190.92,StoreB,NORMAL,The amount $190.92 is typical for normal spending behavior.
8694,184.22,StoreB,NORMAL,The amount $184.22 is typical for normal spending behavior.
7640,139.68,StoreC,NORMAL,The amount $139.68 is typical for normal spending behavior.
6468,188.28,StoreC,NORMAL,The amount $188.28 is typical for normal spending behavior.
1920,63.27,StoreB,NORMAL,The amount $63.27 is typical for normal spending behavior.
8564,79.4,StoreC,NORMAL,The amount $79.4 is typical for normal spending behavior.
9684,56.78,StoreA,NORMAL,The amount $56.78 is typical for normal spending behavior.
9502,98.8,StoreA,NORMAL,The amount $98.8 is typical for normal spending behavior.
9930,108.3,StoreB,NORMAL,The amount $108.3 is typical for normal spending behavior.
4241,90.7,StoreA,NORMAL,The amount $90.7 is typical for normal spending behavior.
1545,174.31,StoreB,NORMAL,The amount $174.31 is typical for normal spending behavior.
5346,103.51,StoreB,NORMAL,The amount $103.51 is typical for normal spending behavior.
4810,92.14,StoreA,NORMAL,The amount $92.14 is typical for normal spending behavior.
8206,131.4,StoreC,NORMAL,The amount $131.4 is typical for normal spending behavior.
3032,71.14,StoreA,NORMAL,The amount $71.14 is typical for normal spending behavior.
9436,170.33,StoreA,NORMAL,The amount $170.33 is typical for normal spending behavior.
1271,61.18,StoreB,NORMAL,The amount $61.18 is typical for normal spending behavior.
4511,198.03,StoreB,NORMAL,The amount $198.03 is typical for normal spending behavior.
2771,165.84,StoreB,NORMAL,The amount $165.84 is typical for normal spending behavior.
5361,79.81,StoreB,NORMAL,The amount $79.81 is typical for normal spending behavior.
8069,50.83,StoreC,NORMAL,The amount $50.83 is typical for normal spending behavior.
1920,172.32,StoreC,NORMAL,The amount $172.32 is typical for normal spending behavior.
9190,156.03,StoreC,NORMAL,The amount $156.03 is typical for normal spending behavior.
4430,159.35,StoreB,NORMAL,The amount $159.35 is typical for normal spending behavior.
5435,165.69,StoreB,NORMAL,The amount $165.69 is typical for normal spending behavior.
4760,61.11,StoreB,NORMAL,The amount $61.11 is typical for normal spending behavior.
3050,103.77,StoreC,NORMAL,The amount $103.77 is typical for normal spending behavior.
2165,67.38,StoreB,NORMAL,The amount $67.38 is typical for normal spending behavior.
9567,179.47,StoreA,NORMAL,The amount $179.47 is typical for normal spending behavior.
3033,143.49,StoreA,NORMAL,The amount $143.49 is typical for normal spending behavior.
7467,99.63,StoreB,NORMAL,The amount $99.63 is typical for normal spending behavior.
1145,59.53,StoreA,NORMAL,The amount $59.53 is typical for normal spending behavior.
5388,96.65,StoreA,NORMAL,The amount $96.65 is typical for normal spending behavior.
8832,98.78,StoreC,NORMAL,The amount $98.78 is typical for normal spending behavior.
9623,159.44,StoreB,NORMAL,The amount $159.44 is typical for normal spending behavior.
9896,145.63,StoreB,NORMAL,The amount $145.63 is typical for normal spending behavior.
9173,183.08,StoreC,NORMAL,The amount $183.08 is typical for normal spending behavior.
3632,120.83,StoreA,NORMAL,The amount $120.83 is typical for normal spending behavior.
5494,67.94,StoreA,NORMAL,The amount $67.94 is typical for normal spending behavior.
9056,156.99,StoreB,NORMAL,The amount $156.99 is typical for normal spending behavior.
8511,164.12,StoreA,NORMAL,The amount $164.12 is typical for normal spending behavior.
2828,134.19,StoreC,NORMAL,The amount $134.19 is typical for normal spending behavior.
5805,165.65,StoreC,NORMAL,The amount $165.65 is typical for normal spending behavior.
1806,124.07,StoreB,NORMAL,The amount $124.07 is typical for normal spending behavior.
8486,128.41,StoreC,NORMAL,The amount $128.41 is typical for normal spending behavior.
9202,114.13,StoreC,NORMAL,The amount $114.13 is typical for normal spending behavior.
2868,53.81,StoreB,NORMAL,The amount $53.81 is typical for normal spending behavior.
8878,66.18,StoreC,NORMAL,The amount $66.18 is typical for normal spending behavior.
6690,54.71,StoreC,NORMAL,The amount $54.71 is typical for normal spending behavior.
8827,145.46,StoreC,NORMAL,The amount $145.46 is typical for normal spending behavior.
6429,97.15,StoreA,NORMAL,The amount $97.15 is typical for normal spending behavior.
4564,126.29,StoreB,NORMAL,The amount $126.29 is typical for normal spending behavior.
2389,186.13,StoreB,NORMAL,The amount $186.13 is typical for normal spending behavior.
8274,87.39,StoreB,NORMAL,The amount $87.39 is typical for normal spending behavior.
1824,111.56,StoreA,NORMAL,The amount $111.56 is typical for normal spending behavior.
3265,163.33,StoreA,NORMAL,The amount $163.33 is typical for normal spending behavior.
1936,84.32,StoreB,NORMAL,The amount $84.32 is typical for normal spending behavior.
7402,61.55,StoreA,NORMAL,The amount $61.55 is typical for normal spending behavior.
4845,93.46,StoreB,NORMAL,The amount $93.46 is typical for normal spending behavior.
2796,74.18,StoreA,NORMAL,The amount $74.18 is typical for normal spending behavior.
9245,189.45,StoreC,NORMAL,The amount $189.45 is typical for normal spending behavior.
8214,171.22,StoreC,NORMAL,The amount $171.22 is typical for normal spending behavior.
1726,145.01,StoreB,NORMAL,The amount $145.01 is typical for normal spending behavior.
3736,180.72,StoreA,NORMAL,The amount $180.72 is typical for normal spending behavior.
2913,170.55,StoreA,NORMAL,The amount $170.55 is typical for normal spending behavior.
8657,77.99,StoreC,NORMAL,The amount $77.99 is typical for normal spending behavior.
3466,183.88,StoreC,NORMAL,The amount $183.88 is typical for normal spending behavior.
8312,130.9,StoreA,NORMAL,The amount $130.9 is typical for normal spending behavior.
9194,171.12,StoreA,NORMAL,The amount $171.12 is typical for normal spending behavior.
8906,184.41,StoreA,NORMAL,The amount $184.41 is typical for normal spending behavior.
5876,97.7,StoreA,NORMAL,The amount $97.7 is typical for normal spending behavior.
8287,66.51,StoreA,NORMAL,The amount $66.51 is typical for normal spending behavior.
1892,84.19,StoreA,NORMAL,The amount $84.19 is typical for normal spending behavior.
5675,114.07,StoreB,NORMAL,The amount $114.07 is typical for normal spending behavior.
2933,172.7,StoreA,NORMAL,The amount $172.7 is typical for normal spending behavior.
2380,179.11,StoreC,NORMAL,The amount $179.11 is typical for normal spending behavior.
2290,51.04,StoreB,NORMAL,The amount $51.04 is typical for normal spending behavior.
2640,126.61,StoreA,NORMAL,The amount $126.61 is typical for normal spending behavior.
8490,112.61,StoreC,NORMAL,The amount $112.61 is typical for normal spending behavior.
2218,83.32,StoreB,NORMAL,The amount $83.32 is typical for normal spending behavior.
6016,67.98,StoreC,NORMAL,The amount $67.98 is typical for normal spending behavior.
7881,100.64,StoreA,NORMAL,The amount $100.64 is typical for normal spending behavior.
1954,191.44,StoreA,NORMAL,The amount $191.44 is typical for normal spending behavior.
8291,98.48,StoreA,NORMAL,The amount $98.48 is typical for normal spending behavior.
1974,127.82,StoreA,NORMAL,The amount $127.82 is typical for normal spending behavior.
5133,155.45,StoreB,NORMAL,The amount $155.45 is typical for normal spending behavior.
6370,104.54,StoreB,NORMAL,The amount $104.54 is typical for normal spending behavior.
4972,195.77,StoreC,NORMAL,The amount $195.77 is typical for normal spending behavior.
6295,194.37,StoreA,NORMAL,The amount $194.37 is typical for normal spending behavior.
9228,87.77,StoreC,NORMAL,The amount $87.77 is typical for normal spending behavior.
4020,124.59,StoreB,NORMAL,The amount $124.59 is typical for normal spending behavior.
9987,95.13,StoreA,NORMAL,The amount $95.13 is typical for normal spending behavior.
5036,92.73,StoreA,NORMAL,The amount $92.73 is typical for normal spending behavior.
6068,55.53,StoreB,NORMAL,The amount $55.53 is typical for normal spending behavior.
6233,141.43,StoreB,NORMAL,The amount $141.43 is typical for normal spending behavior.
1317,125.4,StoreB,NORMAL,The amount $125.4 is typical for normal spending behavior.
3396,57.72,StoreB,NORMAL,The amount $57.72 is typical for normal spending behavior.
3162,91.8,StoreB,NORMAL,The amount $91.8 is typical for normal spending behavior.
3745,186.24,StoreA,NORMAL,The amount $186.24 is typical for normal spending behavior.
2591,85.93,StoreB,NORMAL,The amount $85.93 is typical for normal spending behavior.
7183,71.73,StoreA,NORMAL,The amount $71.73 is typical for normal spending behavior.
4930,123.42,StoreA,NORMAL,The amount $123.42 is typical for normal spending behavior.
2312,197.85,StoreB,NORMAL,The amount $197.85 is typical for normal spending behavior.
5311,86.31,StoreB,NORMAL,The amount $86.31 is typical for normal spending behavior.
8314,150.82,StoreA,NORMAL,The amount $150.82 is typical for normal spending behavior.
3383,164.24,StoreB,NORMAL,The amount $164.24 is typical for normal spending behavior.
4239,85.65,StoreB,NORMAL,The amount $85.65 is typical for normal spending behavior.
3139,159.23,StoreB,NORMAL,The amount $159.23 is typical for normal spending behavior.
2704,105.17,StoreC,NORMAL,The amount $105.17 is typical for normal spending behavior.
7924,144.85,StoreA,NORMAL,The amount $144.85 is typical for normal spending behavior.
1362,145.03,StoreC,NORMAL,The amount $145.03 is typical for normal spending behavior.
3604,130.37,StoreB,NORMAL,The amount $130.37 is typical for normal spending behavior.
5286,63.54,StoreC,NORMAL,The amount $63.54 is typical for normal spending behavior.
4738,175.3,StoreB,NORMAL,The amount $175.3 is typical for normal spending behavior.
3469,98.12,StoreC,NORMAL,The amount $98.12 is typical for normal spending behavior.
5795,77.98,StoreB,NORMAL,The amount $77.98 is typical for normal spending behavior.
7150,56.12,StoreC,NORMAL,The amount $56.12 is typical for normal spending behavior.
1556,138.63,StoreC,NORMAL,The amount $138.63 is typical for normal spending behavior.
3808,151.63,StoreC,NORMAL,The amount $151.63 is typical for normal spending behavior.
6150,52.49,StoreA,NORMAL,The amount $52.49 is typical for normal spending behavior.
8561,126.81,StoreC,NORMAL,The amount $126.81 is typical for normal spending behavior.
3719,83.97,StoreA,NORMAL,The amount $83.97 is typical for normal spending behavior.
7506,146.78,StoreB,NORMAL,The amount $146.78 is typical for normal spending behavior.
4741,76.15,StoreC,NORMAL,The amount $76.15 is typical for normal spending behavior.
4998,153.64,StoreB,NORMAL,The amount $153.64 is typical for normal spending behavior.
3403,108.01,StoreB,NORMAL,The amount $108.01 is typical for normal spending behavior.
9780,190.51,StoreC,NORMAL,The amount $190.51 is typical for normal spending behavior.
1294,70.63,StoreA,NORMAL,The amount $70.63 is typical for normal spending behavior.
6343,101.16,StoreC,NORMAL,The amount $101.16 is typical for normal spending behavior.
2136,67.02,StoreB,NORMAL,The amount $67.02 is typical for normal spending behavior.
3064,188.7,StoreB,NORMAL,The amount $188.7 is typical for normal spending behavior.
8009,181.6,StoreC,NORMAL,The amount $181.6 is typical for normal spending behavior.
5543,88.69,StoreA,NORMAL,The amount $88.69 is typical for normal spending behavior.
2007,149.0,StoreA,NORMAL,The amount $149.0 is typical for normal spending behavior.
6445,172.58,StoreB,NORMAL,The amount $172.58 is typical for normal spending behavior.
6352,133.28,StoreB,NORMAL,The amount $133.28 is typical for normal spending behavior.
2435,129.45,StoreA,NORMAL,The amount $129.45 is typical for normal spending behavior.
1571,86.28,StoreC,NORMAL,The amount $86.28 is typical for normal spending behavior.
3382,63.97,StoreB,NORMAL,The amount $63.97 is typical for normal spending behavior.
6084,184.58,StoreA,NORMAL,The amount $184.58 is typical for normal spending behavior.
1277,185.06,StoreB,NORMAL,The amount $185.06 is typical for normal spending behavior.
8059,144.97,StoreC,NORMAL,The amount $144.97 is typical for normal spending behavior.
2887,100.85,StoreA,NORMAL,The amount $100.85 is typical for normal spending behavior.
2265,102.38,StoreB,NORMAL,The amount $102.38 is typical for normal spending behavior.
8491,158.89,StoreC,NORMAL,The amount $158.89 is typical for normal spending behavior.
2040,184.57,StoreB,NORMAL,The amount $184.57 is typical for normal spending behavior.
9073,183.06,StoreC,NORMAL,The amount $183.06 is typical for normal spending behavior.
3752,166.98,StoreC,NORMAL,The amount $166.98 is typical for normal spending behavior.
9213,146.3,StoreA,NORMAL,The amount $146.3 is typical for normal spending behavior.
5569,62.62,StoreC,NORMAL,The amount $62.62 is typical for normal spending behavior.
7353,74.24,StoreB,NORMAL,The amount $74.24 is typical for normal spending behavior.
3353,184.78,StoreC,NORMAL,The amount $184.78 is typical for normal spending behavior.
8437,140.96,StoreC,NORMAL,The amount $140.96 is typical for normal spending behavior.
5799,51.38,StoreA,NORMAL,The amount $51.38 is typical for normal spending behavior.
1686,65.22,StoreC,NORMAL,The amount $65.22 is typical for normal spending behavior.
9476,149.53,StoreC,NORMAL,The amount $149.53 is typical for normal spending behavior.
5811,50.76,StoreB,NORMAL,The amount $50.76 is typical for normal spending behavior.
9954,74.12,StoreA,NORMAL,The amount $74.12 is typical for normal spending behavior.
6346,132.31,StoreA,NORMAL,The amount $132.31 is typical for normal spending behavior.
6043,153.78,StoreA,NORMAL,The amount $153.78 is typical for normal spending behavior.
3428,147.79,StoreC,NORMAL,The amount $147.79 is typical for normal spending behavior.
6126,83.64,StoreA,NORMAL,The amount $83.64 is typical for normal spending behavior.
9220,156.83,StoreC,NORMAL,The amount $156.83 is typical for normal spending behavior.
8813,85.59,StoreC,NORMAL,The amount $85.59 is typical for normal spending behavior.
4356,98.81,StoreB,NORMAL,The amount $98.81 is typical for normal spending behavior.
9707,161.97,StoreB,NORMAL,The amount $161.97 is typical for normal spending behavior.
8266,147.44,StoreB,NORMAL,The amount $147.44 is typical for normal spending behavior.
7540,177.38,StoreB,NORMAL,The amount $177.38 is typical for normal spending behavior.
1038,148.64,StoreB,NORMAL,The amount $148.64 is typical for normal spending behavior.
4342,135.25,StoreC,NORMAL,The amount $135.25 is typical for normal spending behavior.
3844,64.05,StoreC,NORMAL,The amount $64.05 is typical for normal spending behavior.
2098,105.16,StoreA,NORMAL,The amount $105.16 is typical for normal spending behavior.
8027,89.78,StoreC,NORMAL,The amount $89.78 is typical for normal spending behavior.
2823,86.6,StoreC,NORMAL,The amount $86.6 is typical for normal spending behavior.
4155,195.95,StoreB,NORMAL,The amount $195.95 is typical for normal spending behavior.
4093,108.96,StoreC,NORMAL,The amount $108.96 is typical for normal spending behavior.
6658,183.81,StoreB,NORMAL,The amount $183.81 is typical for normal spending behavior.
4778,144.67,StoreA,NORMAL,The amount $144.67 is typical for normal spending behavior.
3896,169.22,StoreA,NORMAL,The amount $169.22 is typical for normal spending behavior.
1988,125.4,StoreC,NORMAL,The amount $125.4 is typical for normal spending behavior.
5116,136.54,StoreA,NORMAL,The amount $136.54 is typical for normal spending behavior.
7446,123.88,StoreC,NORMAL,The amount $123.88 is typical for normal spending behavior.
5179,79.29,StoreA,NORMAL,The amount $79.29 is typical for normal spending behavior.
2682,158.37,StoreB,NORMAL,The amount $158.37 is typical for normal spending behavior.
6626,92.12,StoreB,NORMAL,The amount $92.12 is typical for normal spending behavior.
8424,53.65,StoreB,NORMAL,The amount $53.65 is typical for normal spending behavior.
1933,146.82,StoreB,NORMAL,The amount $146.82 is typical for normal spending behavior.
4598,76.57,StoreC,NORMAL,The amount $76.57 is typical for normal spending behavior.
2980,191.07,StoreA,NORMAL,The amount $191.07 is typical for normal spending behavior.
4056,193.09,StoreC,NORMAL,The amount $193.09 is typical for normal spending behavior.
9984,187.23,StoreB,NORMAL,The amount $187.23 is typical for normal spending behavior.
1791,105.52,StoreC,NORMAL,The amount $105.52 is typical for normal spending behavior.
6390,52.32,StoreA,NORMAL,The amount $52.32 is typical for normal spending behavior.
7635,189.25,StoreC,NORMAL,The amount $189.25 is typical for normal spending behavior.
3255,114.23,StoreA,NORMAL,The amount $114.23 is typical for normal spending behavior.
4610,195.0,StoreC,NORMAL,The amount $195.0 is typical for normal spending behavior.
2607,194.54,StoreA,NORMAL,The amount $194.54 is typical for normal spending behavior.
6179,177.95,StoreA,NORMAL,The amount $177.95 is typical for normal spending behavior.
7573,94.17,StoreB,NORMAL,The amount $94.17 is typical for normal spending behavior.
1984,107.76,StoreA,NORMAL,The amount $107.76 is typical for normal spending behavior.
6776,177.67,StoreB,NORMAL,The amount $177.67 is typical for normal spending behavior.
4676,97.54,StoreB,NORMAL,The amount $97.54 is typical for normal spending behavior.
4380,75.42,StoreB,NORMAL,The amount $75.42 is typical for normal spending behavior.
9711,133.52,StoreC,NORMAL,The amount $133.52 is typical for normal spending behavior.
9782,190.42,StoreC,NORMAL,The amount $190.42 is typical for normal spending behavior.
2050,154.4,StoreC,NORMAL,The amount $154.4 is typical for normal spending behavior.
4633,135.51,StoreC,NORMAL,The amount $135.51 is typical for normal spending behavior.
7342,64.58,StoreA,NORMAL,The amount $64.58 is typical for normal spending behavior.
1959,142.25,StoreA,NORMAL,The amount $142.25 is typical for normal spending behavior.
7059,198.51,StoreC,NORMAL,The amount $198.51 is typical for normal spending behavior.
9884,71.01,StoreA,NORMAL,The amount $71.01 is typical for normal spending behavior.
6655,127.75,StoreA,NORMAL,The amount $127.75 is typical for normal spending behavior.
5473,181.61,StoreB,NORMAL,The amount $181.61 is typical for normal spending behavior.
3946,161.12,StoreB,NORMAL,The amount $161.12 is typical for normal spending behavior.
8725,154.55,StoreB,NORMAL,The amount $154.55 is typical for normal spending behavior.
1526,155.37,StoreB,NORMAL,The amount $155.37 is typical for normal spending behavior.
4224,103.92,StoreA,NORMAL,The amount $103.92 is typical for normal spending behavior.
2875,94.04,StoreC,NORMAL,The amount $94.04 is typical for normal spending behavior.
2763,171.4,StoreA,NORMAL,The amount $171.4 is typical for normal spending behavior.
9712,171.52,StoreA,NORMAL,The amount $171.52 is typical for normal spending behavior.
6797,180.06,StoreA,NORMAL,The amount $180.06 is typical for normal spending behavior.
8099,186.99,StoreB,NORMAL,The amount $186.99 is typical for normal spending behavior.
6109,126.7,StoreB,NORMAL,The amount $126.7 is typical for normal spending behavior.
7644,125.23,StoreB,NORMAL,The amount $125.23 is typical for normal spending behavior.
1116,169.74,StoreC,NORMAL,The amount $169.74 is typical for normal spending behavior.
3433,147.49,StoreA,NORMAL,The amount $147.49 is typical for normal spending behavior.
6463,155.3,StoreC,NORMAL,The amount $155.3 is typical for normal spending behavior.
1583,169.37,StoreB,NORMAL,The amount $169.37 is typical for normal spending behavior.
9586,183.5,StoreC,NORMAL,The amount $183.5 is typical for normal spending behavior.
4788,100.7,StoreA,NORMAL,The amount $100.7 is typical for normal spending behavior.
5167,106.34,StoreA,NORMAL,The amount $106.34 is typical for normal spending behavior.
9465,64.1,StoreB,NORMAL,The amount $64.1 is typical for normal spending behavior.
2389,136.74,StoreB,NORMAL,The amount $136.74 is typical for normal spending behavior.
9357,55.39,StoreC,NORMAL,The amount $55.39 is typical for normal spending behavior.
7154,119.84,StoreB,NORMAL,The amount $119.84 is typical for normal spending behavior.
6420,131.4,StoreB,NORMAL,The amount $131.4 is typical for normal spending behavior.
9920,92.98,StoreA,NORMAL,The amount $92.98 is typical for normal spending behavior.
3043,138.62,StoreB,NORMAL,The amount $138.62 is typical for normal spending behavior.
5197,54.58,StoreB,NORMAL,The amount $54.58 is typical for normal spending behavior.
4496,55.6,StoreA,NORMAL,The amount $55.6 is typical for normal spending behavior.
1778,173.39,StoreA,NORMAL,The amount $173.39 is typical for normal spending behavior.
1213,104.03,StoreC,NORMAL,The amount $104.03 is typical for normal spending behavior.
4762,69.06,StoreB,NORMAL,The amount $69.06 is typical for normal spending behavior.
7731,128.34,StoreA,NORMAL,The amount $128.34 is typical for normal spending behavior.
4117,165.5,StoreC,NORMAL,The amount $165.5 is typical for normal spending behavior.
6791,82.37,StoreC,NORMAL,The amount $82.37 is typical for normal spending behavior.
9783,143.43,StoreB,NORMAL,The amount $143.43 is typical for normal spending behavior.
3720,62.8,StoreB,NORMAL,The amount $62.8 is typical for normal spending behavior.
9905,57.75,StoreC,NORMAL,The amount $57.75 is typical for normal spending behavior.
7047,129.7,StoreA,NORMAL,The amount $129.7 is typical for normal spending behavior.
9032,131.1,StoreC,NORMAL,The amount $131.1 is typical for normal spending behavior.
1001,145.61,StoreB,NORMAL,The amount $145.61 is typical for normal spending behavior.
7368,158.91,StoreA,NORMAL,The amount $158.91 is typical for normal spending behavior.
2949,196.38,StoreA,NORMAL,The amount $196.38 is typical for normal spending behavior.
7732,127.45,StoreC,NORMAL,The amount $127.45 is typical for normal spending behavior.
8833,98.44,StoreB,NORMAL,The amount $98.44 is typical for normal spending behavior.
1917,169.28,StoreC,NORMAL,The amount $169.28 is typical for normal spending behavior.
4174,90.62,StoreC,NORMAL,The amount $90.62 is typical for normal spending behavior.
8014,115.85,StoreC,NORMAL,The amount $115.85 is typical for normal spending behavior.
1089,61.77,StoreA,NORMAL,The amount $61.77 is typical for normal spending behavior.
2709,53.8,StoreA,NORMAL,The amount $53.8 is typical for normal spending behavior.
4041,194.4,StoreB,NORMAL,The amount $194.4 is typical for normal spending behavior.
1105,175.4,StoreB,NORMAL,The amount $175.4 is typical for normal spending behavior.
9619,154.4,StoreC,NORMAL,The amount $154.4 is typical for normal spending behavior.
2895,111.34,StoreC,NORMAL,The amount $111.34 is typical for normal spending behavior.
7090,75.99,StoreC,NORMAL,The amount $75.99 is typical for normal spending behavior.
9508,73.47,StoreB,NORMAL,The amount $73.47 is typical for normal spending behavior.
7082,87.54,StoreA,NORMAL,The amount $87.54 is typical for normal spending behavior.
1634,132.38,StoreA,NORMAL,The amount $132.38 is typical for normal spending behavior.
2925,157.19,StoreC,NORMAL,The amount $157.19 is typical for normal spending behavior.
3056,149.03,StoreC,NORMAL,The amount $149.03 is typical for normal spending behavior.
7917,91.99,StoreC,NORMAL,The amount $91.99 is typical for normal spending behavior.
4144,193.23,StoreC,NORMAL,The amount $193.23 is typical for normal spending behavior.
1552,160.68,StoreB,NORMAL,The amount $160.68 is typical for normal spending behavior.
9907,133.15,StoreA,NORMAL,The amount $133.15 is typical for normal spending behavior.
6383,141.76,StoreC,NORMAL,The amount $141.76 is typical for normal spending behavior.
4911,112.94,StoreB,NORMAL,The amount $112.94 is typical for normal spending behavior.
4389,87.16,StoreC,NORMAL,The amount $87.16 is typical for normal spending behavior.
9442,103.4,StoreC,NORMAL,The amount $103.4 is typical for normal spending behavior.
3430,163.68,StoreA,NORMAL,The amount $163.68 is typical for normal spending behavior.
1458,52.16,StoreC,NORMAL,The amount $52.16 is typical for normal spending behavior.
1207,67.41,StoreA,NORMAL,The amount $67.41 is typical for normal spending behavior.
1899,56.9,StoreA,NORMAL,The amount $56.9 is typical for normal spending behavior.
1021,56.11,StoreA,NORMAL,The amount $56.11 is typical for normal spending behavior.
9601,178.32,StoreB,NORMAL,The amount $178.32 is typical for normal spending behavior.
1894,155.55,StoreB,NORMAL,The amount $155.55 is typical for normal spending behavior.
1514,121.13,StoreA,NORMAL,The amount $121.13 is typical for normal spending behavior.
8294,64.68,StoreC,NORMAL,The amount $64.68 is typical for normal spending behavior.
5904,123.74,StoreA,NORMAL,The amount $123.74 is typical for normal spending behavior.
8867,121.02,StoreC,NORMAL,The amount $121.02 is typical for normal spending behavior.
5109,75.98,StoreA,NORMAL,The amount $75.98 is typical for normal spending behavior.
8179,115.08,StoreC,NORMAL,The amount $115.08 is typical for normal spending behavior.
2560,109.78,StoreB,NORMAL,The amount $109.78 is typical for normal spending behavior.
2266,142.38,StoreC,NORMAL,The amount $142.38 is typical for normal spending behavior.
4638,145.26,StoreA,NORMAL,The amount $145.26 is typical for normal spending behavior.
9941,56.8,StoreB,NORMAL,The amount $56.8 is typical for normal spending behavior.
4427,106.19,StoreC,NORMAL,The amount $106.19 is typical for normal spending behavior.
5780,143.88,StoreC,NORMAL,The amount $143.88 is typical for normal spending behavior.
2927,125.47,StoreC,NORMAL,The amount $125.47 is typical for normal spending behavior.
3356,178.47,StoreC,NORMAL,The amount $178.47 is typical for normal spending behavior.
5790,148.8,StoreC,NORMAL,The amount $148.8 is typical for normal spending behavior.
1306,74.44,StoreB,NORMAL,The amount $74.44 is typical for normal spending behavior.
8979,60.59,StoreB,NORMAL,The amount $60.59 is typical for normal spending behavior.
4665,146.36,StoreB,NORMAL,The amount $146.36 is typical for normal spending behavior.
8057,53.98,StoreB,NORMAL,The amount $53.98 is typical for normal spending behavior.
1661,137.87,StoreA,NORMAL,The amount $137.87 is typical for normal spending behavior.
5644,191.03,StoreB,NORMAL,The amount $191.03 is typical for normal spending behavior.
9503,136.32,StoreC,NORMAL,The amount $136.32 is typical for normal spending behavior.
3920,108.23,StoreC,NORMAL,The amount $108.23 is typical for normal spending behavior.
9946,146.49,StoreB,NORMAL,The amount $146.49 is typical for normal spending behavior.
7236,118.74,StoreC,NORMAL,The amount $118.74 is typical for normal spending behavior.
7078,131.84,StoreB,NORMAL,The amount $131.84 is typical for normal spending behavior.
1352,191.22,StoreC,NORMAL,The amount $191.22 is typical for normal spending behavior.
8005,107.92,StoreA,NORMAL,The amount $107.92 is typical for normal spending behavior.
1158,194.18,StoreA,NORMAL,The amount $194.18 is typical for normal spending behavior.
1956,185.8,StoreB,NORMAL,The amount $185.8 is typical for normal spending behavior.
3071,79.37,StoreB,NORMAL,The amount $79.37 is typical for normal spending behavior.
9595,60.4,StoreB,NORMAL,The amount $60.4 is typical for normal spending behavior.
4453,65.12,StoreC,NORMAL,The amount $65.12 is typical for normal spending behavior.
7675,52.73,StoreB,NORMAL,The amount $52.73 is typical for normal spending behavior.
1955,64.17,StoreA,NORMAL,The amount $64.17 is typical for normal spending behavior.
7295,152.45,StoreC,NORMAL,The amount $152.45 is typical for normal spending behavior.
2712,60.68,StoreB,NORMAL,The amount $60.68 is typical for normal spending behavior.
5703,97.85,StoreC,NORMAL,The amount $97.85 is typical for normal spending behavior.
7563,176.73,StoreC,NORMAL,The amount $176.73 is typical for normal spending behavior.
6631,53.49,StoreB,NORMAL,The amount $53.49 is typical for normal spending behavior.
2394,172.17,StoreC,NORMAL,The amount $172.17 is typical for normal spending behavior.
5732,92.28,StoreA,NORMAL,The amount $92.28 is typical for normal spending behavior.
4714,67.72,StoreA,NORMAL,The amount $67.72 is typical for normal spending behavior.
1529,154.51,StoreC,NORMAL,The amount $154.51 is typical for normal spending behavior.
3958,144.34,StoreB,NORMAL,The amount $144.34 is typical for normal spending behavior.
8904,181.62,StoreC,NORMAL,The amount $181.62 is typical for normal spending behavior.
4591,160.26,StoreA,NORMAL,The amount $160.26 is typical for normal spending behavior.
7895,170.52,StoreC,NORMAL,The amount $170.52 is typical for normal spending behavior.
1525,92.31,StoreC,NORMAL,The amount $92.31 is typical for normal spending behavior.
7477,76.62,StoreA,NORMAL,The amount $76.62 is typical for normal spending behavior.
1001,162.59,StoreC,NORMAL,The amount $162.59 is typical for normal spending behavior.
1374,171.03,StoreC,NORMAL,The amount $171.03 is typical for normal spending behavior.
5648,198.58,StoreB,NORMAL,The amount $198.58 is typical for normal spending behavior.
3365,111.89,StoreB,NORMAL,The amount $111.89 is typical for normal spending behavior.
2525,105.8,StoreA,NORMAL,The amount $105.8 is typical for normal spending behavior.
2646,166.46,StoreA,NORMAL,The amount $166.46 is typical for normal spending behavior.
1013,101.12,StoreA,NORMAL,The amount $101.12 is typical for normal spending behavior.
5599,189.61,StoreB,NORMAL,The amount $189.61 is typical for normal spending behavior.
3278,178.76,StoreA,NORMAL,The amount $178.76 is typical for normal spending behavior.
4155,114.35,StoreA,NORMAL,The amount $114.35 is typical for normal spending behavior.
9321,162.63,StoreA,NORMAL,The amount $162.63 is typical for normal spending behavior.
4814,163.18,StoreB,NORMAL,The amount $163.18 is typical for normal spending behavior.
4216,65.47,StoreC,NORMAL,The amount $65.47 is typical for normal spending behavior.
9219,185.38,StoreA,NORMAL,The amount $185.38 is typical for normal spending behavior.
3113,125.79,StoreC,NORMAL,The amount $125.79 is typical for normal spending behavior.
5356,173.97,StoreA,NORMAL,The amount $173.97 is typical for normal spending behavior.
6543,98.01,StoreC,NORMAL,The amount $98.01 is typical for normal spending behavior.
5555,184.33,StoreB,NORMAL,The amount $184.33 is typical for normal spending behavior.
8062,108.38,StoreB,NORMAL,The amount $108.38 is typical for normal spending behavior.
4374,51.63,StoreA,NORMAL,The amount $51.63 is typical for normal spending behavior.
7430,185.81,StoreC,NORMAL,The amount $185.81 is typical for normal spending behavior.
4466,63.69,StoreB,NORMAL,The amount $63.69 is typical for normal spending behavior.
4081,97.9,StoreA,NORMAL,The amount $97.9 is typical for normal spending behavior.
1629,192.51,StoreA,NORMAL,The amount $192.51 is typical for normal spending behavior.
1269,192.59,StoreB,NORMAL,The amount $192.59 is typical for normal spending behavior.
6724,136.02,StoreB,NORMAL,The amount $136.02 is typical for normal spending behavior.
6897,144.78,StoreA,NORMAL,The amount $144.78 is typical for normal spending behavior.
4432,117.27,StoreC,NORMAL,The amount $117.27 is typical for normal spending behavior.
7276,93.98,StoreC,NORMAL,The amount $93.98 is typical for normal spending behavior.
6895,99.3,StoreC,NORMAL,The amount $99.3 is typical for normal spending behavior.
8115,150.88,StoreA,NORMAL,The amount $150.88 is typical for normal spending behavior.
7656,162.86,StoreB,NORMAL,The amount $162.86 is typical for normal spending behavior.
1575,168.74,StoreA,NORMAL,The amount $168.74 is typical for normal spending behavior.
8029,168.44,StoreB,NORMAL,The amount $168.44 is typical for normal spending behavior.
7099,63.68,StoreC,NORMAL,The amount $63.68 is typical for normal spending behavior.
4192,124.16,StoreC,NORMAL,The amount $124.16 is typical for normal spending behavior.
4178,58.63,StoreB,NORMAL,The amount $58.63 is typical for normal spending behavior.
7052,132.43,StoreB,NORMAL,The amount $132.43 is typical for normal spending behavior.
3734,116.23,StoreA,NORMAL,The amount $116.23 is typical for normal spending behavior.
7116,183.16,StoreC,NORMAL,The amount $183.16 is typical for normal spending behavior.
4568,102.64,StoreA,NORMAL,The amount $102.64 is typical for normal spending behavior.
3203,67.56,StoreA,NORMAL,The amount $67.56 is typical for normal spending behavior.
2390,71.45,StoreA,NORMAL,The amount $71.45 is typical for normal spending behavior.
2742,164.23,StoreC,NORMAL,The amount $164.23 is typical for normal spending behavior.
2925,142.73,StoreA,NORMAL,The amount $142.73 is typical for normal spending behavior.
1619,65.17,StoreA,NORMAL,The amount $65.17 is typical for normal spending behavior.
2274,62.62,StoreA,NORMAL,The amount $62.62 is typical for normal spending behavior.
1956,155.15,StoreA,NORMAL,The amount $155.15 is typical for normal spending behavior.
2939,60.91,StoreA,NORMAL,The amount $60.91 is typical for normal spending behavior.
4953,173.28,StoreA,NORMAL,The amount $173.28 is typical for normal spending behavior.
1968,155.94,StoreC,NORMAL,The amount $155.94 is typical for normal spending behavior.
1281,62.2,StoreA,NORMAL,The amount $62.2 is typical for normal spending behavior.
7262,62.73,StoreB,NORMAL,The amount $62.73 is typical for normal spending behavior.
2058,198.0,StoreA,NORMAL,The amount $198.0 is typical for normal spending behavior.
5293,106.14,StoreA,NORMAL,The amount $106.14 is typical for normal spending behavior.
6178,105.6,StoreC,NORMAL,The amount $105.6 is typical for normal spending behavior.
7980,171.92,StoreC,NORMAL,The amount $171.92 is typical for normal spending behavior.
2229,192.09,StoreB,NORMAL,The amount $192.09 is typical for normal spending behavior.
5585,197.9,StoreB,NORMAL,The amount $197.9 is typical for normal spending behavior.
9467,163.01,StoreC,NORMAL,The amount $163.01 is typical for normal spending behavior.
3740,106.44,StoreC,NORMAL,The amount $106.44 is typical for normal spending behavior.
3289,62.53,StoreA,NORMAL,The amount $62.53 is typical for normal spending behavior.
2239,166.57,StoreC,NORMAL,The amount $166.57 is typical for normal spending behavior.
6370,133.76,StoreB,NORMAL,The amount $133.76 is typical for normal spending behavior.
1125,113.63,StoreA,NORMAL,The amount $113.63 is typical for normal spending behavior.
8473,185.95,StoreB,NORMAL,The amount $185.95 is typical for normal spending behavior.
6342,66.68,StoreA,NORMAL,The amount $66.68 is typical for normal spending behavior.
8351,123.89,StoreC,NORMAL,The amount $123.89 is typical for normal spending behavior.
7638,51.7,StoreB,NORMAL,The amount $51.7 is typical for normal spending behavior.
7570,120.3,StoreA,NORMAL,The amount $120.3 is typical for normal spending behavior.
4249,58.45,StoreA,NORMAL,The amount $58.45 is typical for normal spending behavior.
8595,67.82,StoreC,NORMAL,The amount $67.82 is typical for normal spending behavior.
7294,67.63,StoreC,NORMAL,The amount $67.63 is typical for normal spending behavior.
7527,147.38,StoreC,NORMAL,The amount $147.38 is typical for normal spending behavior.
6757,161.91,StoreB,NORMAL,The amount $161.91 is typical for normal spending behavior.
2969,137.51,StoreA,NORMAL,The amount $137.51 is typical for normal spending behavior.
1891,194.33,StoreC,NORMAL,The amount $194.33 is typical for normal spending behavior.
5470,106.23,StoreB,NORMAL,The amount $106.23 is typical for normal spending behavior.
8175,92.86,StoreB,NORMAL,The amount $92.86 is typical for normal spending behavior.
9320,180.29,StoreB,NORMAL,The amount $180.29 is typical for normal spending behavior.
7812,83.54,StoreC,NORMAL,The amount $83.54 is typical for normal spending behavior.
8519,194.48,StoreC,NORMAL,The amount $194.48 is typical for normal spending behavior.
5612,51.82,StoreA,NORMAL,The amount $51.82 is typical for normal spending behavior.
2198,195.48,StoreA,NORMAL,The amount $195.48 is typical for normal spending behavior.
6238,56.47,StoreC,NORMAL,The amount $56.47 is typical for normal spending behavior.
7089,183.67,StoreB,NORMAL,The amount $183.67 is typical for normal spending behavior.
7257,129.16,StoreB,NORMAL,The amount $129.16 is typical for normal spending behavior.
8705,198.94,StoreB,NORMAL,The amount $198.94 is typical for normal spending behavior.
4719,61.07,StoreA,NORMAL,The amount $61.07 is typical for normal spending behavior.
1302,133.08,StoreB,NORMAL,The amount $133.08 is typical for normal spending behavior.
1986,195.4,StoreA,NORMAL,The amount $195.4 is typical for normal spending behavior.
5440,128.46,StoreA,NORMAL,The amount $128.46 is typical for normal spending behavior.
5909,144.41,StoreB,NORMAL,The amount $144.41 is typical for normal spending behavior.
4072,154.36,StoreB,NORMAL,The amount $154.36 is typical for normal spending behavior.
4124,118.18,StoreC,NORMAL,The amount $118.18 is typical for normal spending behavior.
9125,144.13,StoreC,NORMAL,The amount $144.13 is typical for normal spending behavior.
4291,137.65,StoreB,NORMAL,The amount $137.65 is typical for normal spending behavior.
5033,185.17,StoreA,NORMAL,The amount $185.17 is typical for normal spending behavior.
6105,56.82,StoreA,NORMAL,The amount $56.82 is typical for normal spending behavior.
1703,92.14,StoreA,NORMAL,The amount $92.14 is typical for normal spending behavior.
9133,192.56,StoreA,NORMAL,The amount $192.56 is typical for normal spending behavior.
1574,183.54,StoreA,NORMAL,The amount $183.54 is typical for normal spending behavior.
6704,118.35,StoreC,NORMAL,The amount $118.35 is typical for normal spending behavior.
8848,143.02,StoreB,NORMAL,The amount $143.02 is typical for normal spending behavior.
6208,91.61,StoreC,NORMAL,The amount $91.61 is typical for normal spending behavior.
7924,78.22,StoreA,NORMAL,The amount $78.22 is typical for normal spending behavior.
4828,119.55,StoreA,NORMAL,The amount $119.55 is typical for normal spending behavior.
4230,103.0,StoreA,NORMAL,The amount $103.0 is typical for normal spending behavior.
1488,137.55,StoreA,NORMAL,The amount $137.55 is typical for normal spending behavior.
8114,61.66,StoreB,NORMAL,The amount $61.66 is typical for normal spending behavior.
4173,196.16,StoreA,NORMAL,The amount $196.16 is typical for normal spending behavior.
2667,197.93,StoreB,NORMAL,The amount $197.93 is typical for normal spending behavior.
5114,154.72,StoreA,NORMAL,The amount $154.72 is typical for normal spending behavior.
4553,130.41,StoreB,NORMAL,The amount $130.41 is typical for normal spending behavior.
8761,96.43,StoreC,NORMAL,The amount $96.43 is typical for normal spending behavior.
2000,172.07,StoreA,NORMAL,The amount $172.07 is typical for normal spending behavior.
2388,152.71,StoreB,NORMAL,The amount $152.71 is typical for normal spending behavior.
6450,74.39,StoreC,NORMAL,The amount $74.39 is typical for normal spending behavior.
4712,186.64,StoreA,NORMAL,The amount $186.64 is typical for normal spending behavior.
2367,173.38,StoreA,NORMAL,The amount $173.38 is typical for normal spending behavior.
9189,192.47,StoreA,NORMAL,The amount $192.47 is typical for normal spending behavior.
1454,158.86,StoreB,NORMAL,The amount $158.86 is typical for normal spending behavior.
3772,142.01,StoreB,NORMAL,The amount $142.01 is typical for normal spending behavior.
4726,112.74,StoreC,NORMAL,The amount $112.74 is typical for normal spending behavior.
8232,189.91,StoreB,NORMAL,The amount $189.91 is typical for normal spending behavior.
5806,179.91,StoreB,NORMAL,The amount $179.91 is typical for normal spending behavior.
3190,56.78,StoreA,NORMAL,The amount $56.78 is typical for normal spending behavior.
3875,53.96,StoreA,NORMAL,The amount $53.96 is typical for normal spending behavior.
6592,106.47,StoreA,NORMAL,The amount $106.47 is typical for normal spending behavior.
2440,171.58,StoreA,NORMAL,The amount $171.58 is typical for normal spending behavior.
9927,198.09,StoreA,NORMAL,The amount $198.09 is typical for normal spending behavior.
7059,72.56,StoreA,NORMAL,The amount $72.56 is typical for normal spending behavior.
8010,139.12,StoreA,NORMAL,The amount $139.12 is typical for normal spending behavior.
8117,107.13,StoreC,NORMAL,The amount $107.13 is typical for normal spending behavior.
3989,195.49,StoreC,NORMAL,The amount $195.49 is typical for normal spending behavior.
7228,176.32,StoreC,NORMAL,The amount $176.32 is typical for normal spending behavior.
7471,175.75,StoreC,NORMAL,The amount $175.75 is typical for normal spending behavior.
3863,120.3,StoreA,NORMAL,The amount $120.3 is typical for normal spending behavior.
2177,112.22,StoreC,NORMAL,The amount $112.22 is typical for normal spending behavior.
5760,91.01,StoreA,NORMAL,The amount $91.01 is typical for normal spending behavior.
1011,58.46,StoreC,NORMAL,The amount $58.46 is typical for normal spending behavior.
6252,179.71,StoreB,NORMAL,The amount $179.71 is typical for normal spending behavior.
5399,171.94,StoreC,NORMAL,The amount $171.94 is typical for normal spending behavior.
9234,199.96,StoreC,NORMAL,The amount $199.96 is typical for normal spending behavior.
6445,199.5,StoreA,NORMAL,The amount $199.5 is typical for normal spending behavior.
7570,133.31,StoreC,NORMAL,The amount $133.31 is typical for normal spending behavior.
9212,165.35,StoreB,NORMAL,The amount $165.35 is typical for normal spending behavior.
1406,191.71,StoreA,NORMAL,The amount $191.71 is typical for normal spending behavior.
5431,177.45,StoreA,NORMAL,The amount $177.45 is typical for normal spending behavior.
6243,87.1,StoreC,NORMAL,The amount $87.1 is typical for normal spending behavior.
7542,117.58,StoreA,NORMAL,The amount $117.58 is typical for normal spending behavior.
7936,69.37,StoreA,NORMAL,The amount $69.37 is typical for normal spending behavior.
9906,193.11,StoreA,NORMAL,The amount $193.11 is typical for normal spending behavior.
5146,140.93,StoreA,NORMAL,The amount $140.93 is typical for normal spending behavior.
1140,84.3,StoreA,NORMAL,The amount $84.3 is typical for normal spending behavior.
5882,150.76,StoreA,NORMAL,The amount $150.76 is typical for normal spending behavior.
7012,142.72,StoreB,NORMAL,The amount $142.72 is typical for normal spending behavior.
1963,103.72,StoreC,NORMAL,The amount $103.72 is typical for normal spending behavior.
8151,67.03,StoreB,NORMAL,The amount $67.03 is typical for normal spending behavior.
9564,150.74,StoreA,NORMAL,The amount $150.74 is typical for normal spending behavior.
4610,128.05,StoreA,NORMAL,The amount $128.05 is typical for normal spending behavior.
7894,165.85,StoreC,NORMAL,The amount $165.85 is typical for normal spending behavior.
8311,128.02,StoreB,NORMAL,The amount $128.02 is typical for normal spending behavior.
1105,177.83,StoreC,NORMAL,The amount $177.83 is typical for normal spending behavior.
6539,132.79,StoreB,NORMAL,The amount $132.79 is typical for normal spending behavior.
7787,134.14,StoreA,NORMAL,The amount $134.14 is typical for normal spending behavior.
3137,181.5,StoreC,NORMAL,The amount $181.5 is typical for normal spending behavior.
5445,110.52,StoreC,NORMAL,The amount $110.52 is typical for normal spending behavior.
4530,70.1,StoreA,NORMAL,The amount $70.1 is typical for normal spending behavior.
2286,54.32,StoreC,NORMAL,The amount $54.32 is typical for normal spending behavior.
8052,163.27,StoreB,NORMAL,The amount $163.27 is typical for normal spending behavior.
4654,143.05,StoreB,NORMAL,The amount $143.05 is typical for normal spending behavior.
8102,155.61,StoreB,NORMAL,The amount $155.61 is typical for normal spending behavior.
3359,81.94,StoreB,NORMAL,The amount $81.94 is typical for normal spending behavior.
9105,70.46,StoreA,NORMAL,The amount $70.46 is typical for normal spending behavior.
9636,52.18,StoreC,NORMAL,The amount $52.18 is typical for normal spending behavior.
7441,102.59,StoreB,NORMAL,The amount $102.59 is typical for normal spending behavior.
6047,138.49,StoreA,NORMAL,The amount $138.49 is typical for normal spending behavior.
9227,108.84,StoreC,NORMAL,The amount $108.84 is typical for normal spending behavior.
6203,115.62,StoreC,NORMAL,The amount $115.62 is typical for normal spending behavior.
2798,185.62,StoreA,NORMAL,The amount $185.62 is typical for normal spending behavior.
6291,102.24,StoreA,NORMAL,The amount $102.24 is typical for normal spending behavior.
6495,127.1,StoreB,NORMAL,The amount $127.1 is typical for normal spending behavior.
7284,167.55,StoreC,NORMAL,The amount $167.55 is typical for normal spending behavior.
8285,109.48,StoreC,NORMAL,The amount $109.48 is typical for normal spending behavior.
2300,143.31,StoreA,NORMAL,The amount $143.31 is typical for normal spending behavior.
7869,179.35,StoreC,NORMAL,The amount $179.35 is typical for normal spending behavior.
4097,192.43,StoreB,NORMAL,The amount $192.43 is typical for normal spending behavior.
5616,72.06,StoreC,NORMAL,The amount $72.06 is typical for normal spending behavior.
1009,188.99,StoreA,NORMAL,The amount $188.99 is typical for normal spending behavior.
6752,123.82,StoreA,NORMAL,The amount $123.82 is typical for normal spending behavior.
7295,88.74,StoreB,NORMAL,The amount $88.74 is typical for normal spending behavior.
5815,118.87,StoreB,NORMAL,The amount $118.87 is typical for normal spending behavior.
2072,197.0,StoreC,NORMAL,The amount $197.0 is typical for normal spending behavior.
4225,123.89,StoreC,NORMAL,The amount $123.89 is typical for normal spending behavior.
2316,99.31,StoreA,NORMAL,The amount $99.31 is typical for normal spending behavior.
6699,145.01,StoreB,NORMAL,The amount $145.01 is typical for normal spending behavior.
7807,86.02,StoreB,NORMAL,The amount $86.02 is typical for normal spending behavior.
7674,61.38,StoreB,NORMAL,The amount $61.38 is typical for normal spending behavior.
4683,69.33,StoreC,NORMAL,The amount $69.33 is typical for normal spending behavior.
8227,69.21,StoreB,NORMAL,The amount $69.21 is typical for normal spending behavior.
4273,72.79,StoreA,NORMAL,The amount $72.79 is typical for normal spending behavior.
8000,70.82,StoreA,NORMAL,The amount $70.82 is typical for normal spending behavior.
1145,146.13,StoreC,NORMAL,The amount $146.13 is typical for normal spending behavior.
6010,77.28,StoreC,NORMAL,The amount $77.28 is typical for normal spending behavior.
4040,101.85,StoreB,NORMAL,The amount $101.85 is typical for normal spending behavior.
1482,184.52,StoreC,NORMAL,The amount $184.52 is typical for normal spending behavior.
4179,121.09,StoreA,NORMAL,The amount $121.09 is typical for normal spending behavior.
2249,150.13,StoreB,NORMAL,The amount $150.13 is typical for normal spending behavior.
1630,75.85,StoreA,NORMAL,The amount $75.85 is typical for normal spending behavior.
9853,78.84,StoreB,NORMAL,The amount $78.84 is typical for normal spending behavior.
3852,56.13,StoreC,NORMAL,The amount $56.13 is typical for normal spending behavior.
1987,75.34,StoreB,NORMAL,The amount $75.34 is typical for normal spending behavior.
8622,91.79,StoreB,NORMAL,The amount $91.79 is typical for normal spending behavior.
8327,76.55,StoreA,NORMAL,The amount $76.55 is typical for normal spending behavior.
9841,63.31,StoreA,NORMAL,The amount $63.31 is typical for normal spending behavior.
2100,68.1,StoreB,NORMAL,The amount $68.1 is typical for normal spending behavior.
7652,119.12,StoreC,NORMAL,The amount $119.12 is typical for normal spending behavior.
9632,80.95,StoreC,NORMAL,The amount $80.95 is typical for normal spending behavior.
8421,104.64,StoreA,NORMAL,The amount $104.64 is typical for normal spending behavior.
6016,125.51,StoreC,NORMAL,The amount $125.51 is typical for normal spending behavior.
1769,153.56,StoreA,NORMAL,The amount $153.56 is typical for normal spending behavior.
2343,55.9,StoreC,NORMAL,The amount $55.9 is typical for normal spending behavior.
5358,169.91,StoreB,NORMAL,The amount $169.91 is typical for normal spending behavior.
7780,144.19,StoreA,NORMAL,The amount $144.19 is typical for normal spending behavior.
7602,62.26,StoreA,NORMAL,The amount $62.26 is typical for normal spending behavior.
3349,181.04,StoreB,NORMAL,The amount $181.04 is typical for normal spending behavior.
6699,188.13,StoreA,NORMAL,The amount $188.13 is typical for normal spending behavior.
2241,59.16,StoreC,NORMAL,The amount $59.16 is typical for normal spending behavior.
2125,91.53,StoreC,NORMAL,The amount $91.53 is typical for normal spending behavior.
7764,170.93,StoreA,NORMAL,The amount $170.93 is typical for normal spending behavior.
6101,162.24,StoreC,NORMAL,The amount $162.24 is typical for normal spending behavior.
8843,77.68,StoreA,NORMAL,The amount $77.68 is typical for normal spending behavior.
1072,81.4,StoreB,NORMAL,The amount $81.4 is typical for normal spending behavior.
6472,105.57,StoreA,NORMAL,The amount $105.57 is typical for normal spending behavior.
6189,122.68,StoreB,NORMAL,The amount $122.68 is typical for normal spending behavior.
3472,142.74,StoreC,NORMAL,The amount $142.74 is typical for normal spending behavior.
1707,105.34,StoreB,NORMAL,The amount $105.34 is typical for normal spending behavior.
2804,119.38,StoreC,NORMAL,The amount $119.38 is typical for normal spending behavior.
7704,162.12,StoreA,NORMAL,The amount $162.12 is typical for normal spending behavior.
4713,55.5,StoreC,NORMAL,The amount $55.5 is typical for normal spending behavior.
6051,87.87,StoreA,NORMAL,The amount $87.87 is typical for normal spending behavior.
3475,157.0,StoreA,NORMAL,The amount $157.0 is typical for normal spending behavior.
4610,184.28,StoreB,NORMAL,The amount $184.28 is typical for normal spending behavior.
5255,126.75,StoreB,NORMAL,The amount $126.75 is typical for normal spending behavior.
8397,129.82,StoreB,NORMAL,The amount $129.82 is typical for normal spending behavior.
2735,66.08,StoreB,NORMAL,The amount $66.08 is typical for normal spending behavior.
9258,117.11,StoreC,NORMAL,The amount $117.11 is typical for normal spending behavior.
8979,129.89,StoreC,NORMAL,The amount $129.89 is typical for normal spending behavior.
3428,86.37,StoreC,NORMAL,The amount $86.37 is typical for normal spending behavior.
8426,90.39,StoreA,NORMAL,The amount $90.39 is typical for normal spending behavior.
9533,106.59,StoreC,NORMAL,The amount $106.59 is typical for normal spending behavior.
6249,53.01,StoreC,NORMAL,The amount $53.01 is typical for normal spending behavior.
6291,98.31,StoreC,NORMAL,The amount $98.31 is typical for normal spending behavior.
3817,81.72,StoreB,NORMAL,The amount $81.72 is typical for normal spending behavior.
4874,99.12,StoreC,NORMAL,The amount $99.12 is typical for normal spending behavior.
5211,67.96,StoreA,NORMAL,The amount $67.96 is typical for normal spending behavior.
1661,183.58,StoreB,NORMAL,The amount $183.58 is typical for normal spending behavior.
4374,139.04,StoreA,NORMAL,The amount $139.04 is typical for normal spending behavior.
1207,151.87,StoreC,NORMAL,The amount $151.87 is typical for normal spending behavior.
3665,168.38,StoreB,NORMAL,The amount $168.38 is typical for normal spending behavior.
3493,124.77,StoreA,NORMAL,The amount $124.77 is typical for normal spending behavior.
7813,63.04,StoreC,NORMAL,The amount $63.04 is typical for normal spending behavior.
1632,130.57,StoreA,NORMAL,The amount $130.57 is typical for normal spending behavior.
4083,138.03,StoreA,NORMAL,The amount $138.03 is typical for normal spending behavior.
4719,161.82,StoreA,NORMAL,The amount $161.82 is typical for normal spending behavior.
8123,114.75,StoreC,NORMAL,The amount $114.75 is typical for normal spending behavior.
2679,69.14,StoreC,NORMAL,The amount $69.14 is typical for normal spending behavior.
1236,92.57,StoreA,NORMAL,The amount $92.57 is typical for normal spending behavior.
8446,104.46,StoreB,NORMAL,The amount $104.46 is typical for normal spending behavior.
5443,146.89,StoreB,NORMAL,The amount $146.89 is typical for normal spending behavior.
7770,135.62,StoreC,NORMAL,The amount $135.62 is typical for normal spending behavior.
7099,103.41,StoreC,NORMAL,The amount $103.41 is typical for normal spending behavior.
9555,197.98,StoreC,NORMAL,The amount $197.98 is typical for normal spending behavior.
3368,140.87,StoreC,NORMAL,The amount $140.87 is typical for normal spending behavior.
1285,85.58,StoreC,NORMAL,The amount $85.58 is typical for normal spending behavior.
1148,65.27,StoreB,NORMAL,The amount $65.27 is typical for normal spending behavior.
5037,72.93,StoreC,NORMAL,The amount $72.93 is typical for normal spending behavior.
7549,86.89,StoreA,NORMAL,The amount $86.89 is typical for normal spending behavior.
8121,74.1,StoreA,NORMAL,The amount $74.1 is typical for normal spending behavior.
5895,77.99,StoreB,NORMAL,The amount $77.99 is typical for normal spending behavior.
6280,92.76,StoreA,NORMAL,The amount $92.76 is typical for normal spending behavior.
2012,76.01,StoreB,NORMAL,The amount $76.01 is typical for normal spending behavior.
3785,184.51,StoreB,NORMAL,The amount $184.51 is typical for normal spending behavior.
4725,62.04,StoreA,NORMAL,The amount $62.04 is typical for normal spending behavior.
5576,128.68,StoreC,NORMAL,The amount $128.68 is typical for normal spending behavior.
6782,111.56,StoreA,NORMAL,The amount $111.56 is typical for normal spending behavior.
7257,197.36,StoreA,NORMAL,The amount $197.36 is typical for normal spending behavior.
3408,66.81,StoreB,NORMAL,The amount $66.81 is typical for normal spending behavior.
1340,109.68,StoreA,NORMAL,The amount $109.68 is typical for normal spending behavior.
3817,195.42,StoreB,NORMAL,The amount $195.42 is typical for normal spending behavior.
3496,179.83,StoreC,NORMAL,The amount $179.83 is typical for normal spending behavior.
6962,172.56,StoreC,NORMAL,The amount $172.56 is typical for normal spending behavior.
6299,88.69,StoreC,NORMAL,The amount $88.69 is typical for normal spending behavior.
8574,75.63,StoreA,NORMAL,The amount $75.63 is typical for normal spending behavior.
2689,150.3,StoreB,NORMAL,The amount $150.3 is typical for normal spending behavior.
4267,189.41,StoreC,NORMAL,The amount $189.41 is typical for normal spending behavior.
5406,133.51,StoreB,NORMAL,The amount $133.51 is typical for normal spending behavior.
9453,135.74,StoreB,NORMAL,The amount $135.74 is typical for normal spending behavior.
2442,92.0,StoreC,NORMAL,The amount $92.0 is typical for normal spending behavior.
9597,165.42,StoreC,NORMAL,The amount $165.42 is typical for normal spending behavior.
5437,78.06,StoreB,NORMAL,The amount $78.06 is typical for normal spending behavior.
6435,98.55,StoreC,NORMAL,The amount $98.55 is typical for normal spending behavior.
9435,113.82,StoreB,NORMAL,The amount $113.82 is typical for normal spending behavior.
5107,126.14,StoreB,NORMAL,The amount $126.14 is typical for normal spending behavior.
1560,86.36,StoreC,NORMAL,The amount $86.36 is typical for normal spending behavior.
9785,67.23,StoreA,NORMAL,The amount $67.23 is typical for normal spending behavior.
6548,141.59,StoreC,NORMAL,The amount $141.59 is typical for normal spending behavior.
2826,93.29,StoreA,NORMAL,The amount $93.29 is typical for normal spending behavior.
8629,137.19,StoreB,NORMAL,The amount $137.19 is typical for normal spending behavior.
9325,73.15,StoreB,NORMAL,The amount $73.15 is typical for normal spending behavior.
4138,122.17,StoreA,NORMAL,The amount $122.17 is typical for normal spending behavior.
8693,129.89,StoreB,NORMAL,The amount $129.89 is typical for normal spending behavior.
9264,57.77,StoreA,NORMAL,The amount $57.77 is typical for normal spending behavior.
8842,100.49,StoreA,NORMAL,The amount $100.49 is typical for normal spending behavior.
7721,70.16,StoreB,NORMAL,The amount $70.16 is typical for normal spending behavior.
8002,59.51,StoreA,NORMAL,The amount $59.51 is typical for normal spending behavior.
5225,198.49,StoreC,NORMAL,The amount $198.49 is typical for normal spending behavior.
3978,98.35,StoreC,NORMAL,The amount $98.35 is typical for normal spending behavior.
8373,171.48,StoreB,NORMAL,The amount $171.48 is typical for normal spending behavior.
6907,88.2,StoreB,NORMAL,The amount $88.2 is typical for normal spending behavior.
7097,152.23,StoreA,NORMAL,The amount $152.23 is typical for normal spending behavior.
6656,164.03,StoreA,NORMAL,The amount $164.03 is typical for normal spending behavior.
9984,139.35,StoreA,NORMAL,The amount $139.35 is typical for normal spending behavior.
5259,120.74,StoreA,NORMAL,The amount $120.74 is typical for normal spending behavior.
9286,111.78,StoreC,NORMAL,The amount $111.78 is typical for normal spending behavior.
6901,102.33,StoreC,NORMAL,The amount $102.33 is typical for normal spending behavior.
5917,189.43,StoreB,NORMAL,The amount $189.43 is typical for normal spending behavior.
9429,174.59,StoreA,NORMAL,The amount $174.59 is typical for normal spending behavior.
3530,194.75,StoreA,NORMAL,The amount $194.75 is typical for normal spending behavior.
2960,68.64,StoreB,NORMAL,The amount $68.64 is typical for normal spending behavior.
8045,159.63,StoreA,NORMAL,The amount $159.63 is typical for normal spending behavior.
2048,190.75,StoreA,NORMAL,The amount $190.75 is typical for normal spending behavior.
6772,77.18,StoreA,NORMAL,The amount $77.18 is typical for normal spending behavior.
3529,59.97,StoreA,NORMAL,The amount $59.97 is typical for normal spending behavior.
3964,161.17,StoreA,NORMAL,The amount $161.17 is typical for normal spending behavior.
8137,136.17,StoreB,NORMAL,The amount $136.17 is typical for normal spending behavior.
1963,176.27,StoreA,NORMAL,The amount $176.27 is typical for normal spending behavior.
1536,70.97,StoreB,NORMAL,The amount $70.97 is typical for normal spending behavior.
8340,169.29,StoreA,NORMAL,The amount $169.29 is typical for normal spending behavior.
8179,80.24,StoreC,NORMAL,The amount $80.24 is typical for normal spending behavior.
8967,74.55,StoreC,NORMAL,The amount $74.55 is typical for normal spending behavior.
9734,74.64,StoreC,NORMAL,The amount $74.64 is typical for normal spending behavior.
1845,172.19,StoreC,NORMAL,The amount $172.19 is typical for normal spending behavior.
6777,149.78,StoreB,NORMAL,The amount $149.78 is typical for normal spending behavior.
4036,128.46,StoreB,NORMAL,The amount $128.46 is typical for normal spending behavior.
6947,103.82,StoreA,NORMAL,The amount $103.82 is typical for normal spending behavior.
3494,181.58,StoreC,NORMAL,The amount $181.58 is typical for normal spending behavior.
3719,108.87,StoreB,NORMAL,The amount $108.87 is typical for normal spending behavior.
2884,172.49,StoreA,NORMAL,The amount $172.49 is typical for normal spending behavior.
5349,115.87,StoreA,NORMAL,The amount $115.87 is typical for normal spending behavior.
6179,106.54,StoreB,NORMAL,The amount $106.54 is typical for normal spending behavior.
7610,119.4,StoreC,NORMAL,The amount $119.4 is typical for normal spending behavior.
7430,95.21,StoreA,NORMAL,The amount $95.21 is typical for normal spending behavior.
8154,162.14,StoreC,NORMAL,The amount $162.14 is typical for normal spending behavior.
7488,125.41,StoreC,NORMAL,The amount $125.41 is typical for normal spending behavior.
5737,84.83,StoreC,NORMAL,The amount $84.83 is typical for normal spending behavior.
7525,184.94,StoreA,NORMAL,The amount $184.94 is typical for normal spending behavior.
4850,107.58,StoreC,NORMAL,The amount $107.58 is typical for normal spending behavior.
1689,131.53,StoreA,NORMAL,The amount $131.53 is typical for normal spending behavior.
6175,185.97,StoreC,NORMAL,The amount $185.97 is typical for normal spending behavior.
9648,143.64,StoreA,NORMAL,The amount $143.64 is typical for normal spending behavior.
6078,67.53,StoreC,NORMAL,The amount $67.53 is typical for normal spending behavior.
6448,190.97,StoreB,NORMAL,The amount $190.97 is typical for normal spending behavior.
2179,144.16,StoreC,NORMAL,The amount $144.16 is typical for normal spending behavior.
7406,100.24,StoreC,NORMAL,The amount $100.24 is typical for normal spending behavior.
9591,70.89,StoreA,NORMAL,The amount $70.89 is typical for normal spending behavior.
7907,169.1,StoreA,NORMAL,The amount $169.1 is typical for normal spending behavior.
9800,143.01,StoreC,NORMAL,The amount $143.01 is typical for normal spending behavior.
2638,130.02,StoreB,NORMAL,The amount $130.02 is typical for normal spending behavior.
6671,184.08,StoreB,NORMAL,The amount $184.08 is typical for normal spending behavior.
7928,168.29,StoreA,NORMAL,The amount $168.29 is typical for normal spending behavior.
2382,72.75,StoreB,NORMAL,The amount $72.75 is typical for normal spending behavior.
2403,96.76,StoreC,NORMAL,The amount $96.76 is typical for normal spending behavior.
4292,87.27,StoreA,NORMAL,The amount $87.27 is typical for normal spending behavior.
1419,161.59,StoreC,NORMAL,The amount $161.59 is typical for normal spending behavior.
5517,55.03,StoreA,NORMAL,The amount $55.03 is typical for normal spending behavior.
4302,135.48,StoreA,NORMAL,The amount $135.48 is typical for normal spending behavior.
8857,164.37,StoreA,NORMAL,The amount $164.37 is typical for normal spending behavior.
8870,181.51,StoreA,NORMAL,The amount $181.51 is typical for normal spending behavior.
6693,101.31,StoreB,NORMAL,The amount $101.31 is typical for normal spending behavior.
1767,173.19,StoreC,NORMAL,The amount $173.19 is typical for normal spending behavior.
3044,66.59,StoreC,NORMAL,The amount $66.59 is typical for normal spending behavior.
2549,176.97,StoreC,NORMAL,The amount $176.97 is typical for normal spending behavior.
7140,69.12,StoreA,NORMAL,The amount $69.12 is typical for normal spending behavior.
4716,109.59,StoreB,NORMAL,The amount $109.59 is typical for normal spending behavior.
5481,169.59,StoreC,NORMAL,The amount $169.59 is typical for normal spending behavior.
8898,72.49,StoreB,NORMAL,The amount $72.49 is typical for normal spending behavior.
7548,84.39,StoreA,NORMAL,The amount $84.39 is typical for normal spending behavior.
3293,158.34,StoreC,NORMAL,The amount $158.34 is typical for normal spending behavior.
5837,158.01,StoreB,NORMAL,The amount $158.01 is typical for normal spending behavior.
8758,146.17,StoreA,NORMAL,The amount $146.17 is typical for normal spending behavior.
7793,154.09,StoreB,NORMAL,The amount $154.09 is typical for normal spending behavior.
8638,131.41,StoreC,NORMAL,The amount $131.41 is typical for normal spending behavior.
8993,87.77,StoreC,NORMAL,The amount $87.77 is typical for normal spending behavior.
7007,101.85,StoreA,NORMAL,The amount $101.85 is typical for normal spending behavior.
6542,77.24,StoreA,NORMAL,The amount $77.24 is typical for normal spending behavior.
7356,186.27,StoreA,NORMAL,The amount $186.27 is typical for normal spending behavior.
9433,137.51,StoreB,NORMAL,The amount $137.51 is typical for normal spending behavior.
8380,110.13,StoreB,NORMAL,The amount $110.13 is typical for normal spending behavior.
3385,119.3,StoreB,NORMAL,The amount $119.3 is typical for normal spending behavior.
5268,192.09,StoreA,NORMAL,The amount $192.09 is typical for normal spending behavior.
1671,73.0,StoreC,NORMAL,The amount $73.0 is typical for normal spending behavior.
1163,137.93,StoreC,NORMAL,The amount $137.93 is typical for normal spending behavior.
9656,125.88,StoreB,NORMAL,The amount $125.88 is typical for normal spending behavior.
5592,141.72,StoreB,NORMAL,The amount $141.72 is typical for normal spending behavior.
5795,52.72,StoreC,NORMAL,The amount $52.72 is typical for normal spending behavior.
5798,180.82,StoreC,NORMAL,The amount $180.82 is typical for normal spending behavior.
7036,189.82,StoreB,NORMAL,The amount $189.82 is typical for normal spending behavior.
3355,134.77,StoreB,NORMAL,The amount $134.77 is typical for normal spending behavior.
6887,154.5,StoreC,NORMAL,The amount $154.5 is typical for normal spending behavior.
8961,188.37,StoreA,NORMAL,The amount $188.37 is typical for normal spending behavior.
6827,156.09,StoreB,NORMAL,The amount $156.09 is typical for normal spending behavior.
9737,72.88,StoreC,NORMAL,The amount $72.88 is typical for normal spending behavior.
5719,136.44,StoreC,NORMAL,The amount $136.44 is typical for normal spending behavior.
1593,141.01,StoreC,NORMAL,The amount $141.01 is typical for normal spending behavior.
5839,113.62,StoreC,NORMAL,The amount $113.62 is typical for normal spending behavior.
8394,160.47,StoreA,NORMAL,The amount $160.47 is typical for normal spending behavior.
4493,190.16,StoreC,NORMAL,The amount $190.16 is typical for normal spending behavior.
7164,188.84,StoreB,NORMAL,The amount $188.84 is typical for normal spending behavior.
3672,117.63,StoreA,NORMAL,The amount $117.63 is typical for normal spending behavior.
5200,66.99,StoreC,NORMAL,The amount $66.99 is typical for normal spending behavior.
1016,197.73,StoreA,NORMAL,The amount $197.73 is typical for normal spending behavior.
4191,175.83,StoreB,NORMAL,The amount $175.83 is typical for normal spending behavior.
1392,68.7,StoreC,NORMAL,The amount $68.7 is typical for normal spending behavior.
9616,188.13,StoreB,NORMAL,The amount $188.13 is typical for normal spending behavior.
7272,180.48,StoreC,NORMAL,The amount $180.48 is typical for normal spending behavior.
1571,127.83,StoreC,NORMAL,The amount $127.83 is typical for normal spending behavior.
4631,138.69,StoreC,NORMAL,The amount $138.69 is typical for normal spending behavior.
7172,109.85,StoreC,NORMAL,The amount $109.85 is typical for normal spending behavior.
8177,58.21,StoreC,NORMAL,The amount $58.21 is typical for normal spending behavior.
9433,100.28,StoreA,NORMAL,The amount $100.28 is typical for normal spending behavior.
4897,170.43,StoreC,NORMAL,The amount $170.43 is typical for normal spending behavior.
9123,50.69,StoreC,NORMAL,The amount $50.69 is typical for normal spending behavior.
3279,100.02,StoreA,NORMAL,The amount $100.02 is typical for normal spending behavior.
9980,109.73,StoreA,NORMAL,The amount $109.73 is typical for normal spending behavior.
8451,130.61,StoreA,NORMAL,The amount $130.61 is typical for normal spending behavior.
9906,187.98,StoreA,NORMAL,The amount $187.98 is typical for normal spending behavior.
1775,101.95,StoreA,NORMAL,The amount $101.95 is typical for normal spending behavior.
7869,102.04,StoreA,NORMAL,The amount $102.04 is typical for normal spending behavior.
3247,160.63,StoreC,NORMAL,The amount $160.63 is typical for normal spending behavior.
8088,117.83,StoreC,NORMAL,The amount $117.83 is typical for normal spending behavior.
1078,83.69,StoreB,NORMAL,The amount $83.69 is typical for normal spending behavior.
9080,117.87,StoreC,NORMAL,The amount $117.87 is typical for normal spending behavior.
8099,71.13,StoreC,NORMAL,The amount $71.13 is typical for normal spending behavior.
4926,76.46,StoreA,NORMAL,The amount $76.46 is typical for normal spending behavior.
8340,124.76,StoreA,NORMAL,The amount $124.76 is typical for normal spending behavior.
8083,112.84,StoreC,NORMAL,The amount $112.84 is typical for normal spending behavior.
7230,187.23,StoreB,NORMAL,The amount $187.23 is typical for normal spending behavior.
5940,104.36,StoreA,NORMAL,The amount $104.36 is typical for normal spending behavior.
4271,137.09,StoreC,NORMAL,The amount $137.09 is typical for normal spending behavior.
4456,144.84,StoreC,NORMAL,The amount $144.84 is typical for normal spending behavior.
8788,51.96,StoreB,NORMAL,The amount $51.96 is typical for normal spending behavior.
9599,149.53,StoreB,NORMAL,The amount $149.53 is typical for normal spending behavior.
8650,76.71,StoreA,NORMAL,The amount $76.71 is typical for normal spending behavior.
3711,194.16,StoreB,NORMAL,The amount $194.16 is typical for normal spending behavior.
2668,72.3,StoreC,NORMAL,The amount $72.3 is typical for normal spending behavior.
1147,112.19,StoreC,NORMAL,The amount $112.19 is typical for normal spending behavior.
7420,62.8,StoreB,NORMAL,The amount $62.8 is typical for normal spending behavior.
1365,199.53,StoreB,NORMAL,The amount $199.53 is typical for normal spending behavior.
5531,125.33,StoreB,NORMAL,The amount $125.33 is typical for normal spending behavior.
6330,139.31,StoreB,NORMAL,The amount $139.31 is typical for normal spending behavior.
6510,60.06,StoreA,NORMAL,The amount $60.06 is typical for normal spending behavior.
9754,162.49,StoreB,NORMAL,The amount $162.49 is typical for normal spending behavior.
9964,81.49,StoreA,NORMAL,The amount $81.49 is typical for normal spending behavior.
7493,184.71,StoreC,NORMAL,The amount $184.71 is typical for normal spending behavior.
6439,80.77,StoreB,NORMAL,The amount $80.77 is typical for normal spending behavior.
7511,78.6,StoreA,NORMAL,The amount $78.6 is typical for normal spending behavior.
8504,55.48,StoreB,NORMAL,The amount $55.48 is typical for normal spending behavior.
2246,120.81,StoreC,NORMAL,The amount $120.81 is typical for normal spending behavior.
4839,134.73,StoreC,NORMAL,The amount $134.73 is typical for normal spending behavior.
9551,59.86,StoreC,NORMAL,The amount $59.86 is typical for normal spending behavior.
3376,166.33,StoreB,NORMAL,The amount $166.33 is typical for normal spending behavior.
4009,117.99,StoreB,NORMAL,The amount $117.99 is typical for normal spending behavior.
2827,128.66,StoreA,NORMAL,The amount $128.66 is typical for normal spending behavior.
7979,116.11,StoreC,NORMAL,The amount $116.11 is typical for normal spending behavior.
9569,110.11,StoreB,NORMAL,The amount $110.11 is typical for normal spending behavior.
5285,133.95,StoreC,NORMAL,The amount $133.95 is typical for normal spending behavior.
7910,73.29,StoreC,NORMAL,The amount $73.29 is typical for normal spending behavior.
9561,77.29,StoreA,NORMAL,The amount $77.29 is typical for normal spending behavior.
3196,179.27,StoreA,NORMAL,The amount $179.27 is typical for normal spending behavior.
4747,191.92,StoreA,NORMAL,The amount $191.92 is typical for normal spending behavior.
9843,106.0,StoreA,NORMAL,The amount $106.0 is typical for normal spending behavior.
6978,90.61,StoreC,NORMAL,The amount $90.61 is typical for normal spending behavior.
6607,146.6,StoreA,NORMAL,The amount $146.6 is typical for normal spending behavior.
1769,111.31,StoreA,NORMAL,The amount $111.31 is typical for normal spending behavior.
1780,53.81,StoreA,NORMAL,The amount $53.81 is typical for normal spending behavior.
7303,73.42,StoreA,NORMAL,The amount $73.42 is typical for normal spending behavior.
4983,157.4,StoreC,NORMAL,The amount $157.4 is typical for normal spending behavior.
9714,148.84,StoreA,NORMAL,The amount $148.84 is typical for normal spending behavior.
1521,54.06,StoreC,NORMAL,The amount $54.06 is typical for normal spending behavior.
8569,83.3,StoreB,NORMAL,The amount $83.3 is typical for normal spending behavior.
6784,84.66,StoreC,NORMAL,The amount $84.66 is typical for normal spending behavior.
5583,150.78,StoreC,NORMAL,The amount $150.78 is typical for normal spending behavior.
6946,52.96,StoreA,NORMAL,The amount $52.96 is typical for normal spending behavior.
5941,65.62,StoreB,NORMAL,The amount $65.62 is typical for normal spending behavior.
7267,169.99,StoreB,NORMAL,The amount $169.99 is typical for normal spending behavior.
8128,76.78,StoreB,NORMAL,The amount $76.78 is typical for normal spending behavior.
3461,147.91,StoreB,NORMAL,The amount $147.91 is typical for normal spending behavior.
1685,85.73,StoreC,NORMAL,The amount $85.73 is typical for normal spending behavior.
3160,64.92,StoreB,NORMAL,The amount $64.92 is typical for normal spending behavior.
8031,86.48,StoreC,NORMAL,The amount $86.48 is typical for normal spending behavior.
6341,158.34,StoreC,NORMAL,The amount $158.34 is typical for normal spending behavior.
1038,178.35,StoreC,NORMAL,The amount $178.35 is typical for normal spending behavior.
5875,174.53,StoreB,NORMAL,The amount $174.53 is typical for normal spending behavior.
2256,109.58,StoreA,NORMAL,The amount $109.58 is typical for normal spending behavior.
8697,150.21,StoreA,NORMAL,The amount $150.21 is typical for normal spending behavior.
3196,80.75,StoreB,NORMAL,The amount $80.75 is typical for normal spending behavior.
8165,93.97,StoreA,NORMAL,The amount $93.97 is typical for normal spending behavior.
1301,184.45,StoreA,NORMAL,The amount $184.45 is typical for normal spending behavior.
8527,51.95,StoreC,NORMAL,The amount $51.95 is typical for normal spending behavior.
7381,62.83,StoreC,NORMAL,The amount $62.83 is typical for normal spending behavior.
1646,81.18,StoreB,NORMAL,The amount $81.18 is typical for normal spending behavior.
9789,53.98,StoreB,NORMAL,The amount $53.98 is typical for normal spending behavior.
9853,77.22,StoreA,NORMAL,The amount $77.22 is typical for normal spending behavior.
5330,137.46,StoreC,NORMAL,The amount $137.46 is typical for normal spending behavior.
8003,113.21,StoreB,NORMAL,The amount $113.21 is typical for normal spending behavior.
4537,183.9,StoreB,NORMAL,The amount $183.9 is typical for normal spending behavior.
5558,172.62,StoreB,NORMAL,The amount $172.62 is typical for normal spending behavior.
7579,101.27,StoreB,NORMAL,The amount $101.27 is typical for normal spending behavior.
9474,88.91,StoreB,NORMAL,The amount $88.91 is typical for normal spending behavior.
5082,106.95,StoreB,NORMAL,The amount $106.95 is typical for normal spending behavior.
5183,138.54,StoreA,NORMAL,The amount $138.54 is typical for normal spending behavior.
9652,90.21,StoreC,NORMAL,The amount $90.21 is typical for normal spending behavior.
4754,143.62,StoreC,NORMAL,The amount $143.62 is typical for normal spending behavior.
2724,111.41,StoreB,NORMAL,The amount $111.41 is typical for normal spending behavior.
2376,132.81,StoreC,NORMAL,The amount $132.81 is typical for normal spending behavior.
9706,115.42,StoreC,NORMAL,The amount $115.42 is typical for normal spending behavior.
9894,94.17,StoreC,NORMAL,The amount $94.17 is typical for normal spending behavior.
2653,192.27,StoreB,NORMAL,The amount $192.27 is typical for normal spending behavior.
3066,164.54,StoreB,NORMAL,The amount $164.54 is typical for normal spending behavior.
1022,71.02,StoreC,NORMAL,The amount $71.02 is typical for normal spending behavior.
3460,180.27,StoreC,NORMAL,The amount $180.27 is typical for normal spending behavior.
6926,123.11,StoreB,NORMAL,The amount $123.11 is typical for normal spending behavior.
7251,184.18,StoreA,NORMAL,The amount $184.18 is typical for normal spending behavior.
8295,169.98,StoreC,NORMAL,The amount $169.98 is typical for normal spending behavior.
4300,113.78,StoreA,NORMAL,The amount $113.78 is typical for normal spending behavior.
7279,53.37,StoreC,NORMAL,The amount $53.37 is typical for normal spending behavior.
9553,90.3,StoreA,NORMAL,The amount $90.3 is typical for normal spending behavior.
8353,131.25,StoreA,NORMAL,The amount $131.25 is typical for normal spending behavior.
4727,145.02,StoreA,NORMAL,The amount $145.02 is typical for normal spending behavior.
7272,88.68,StoreB,NORMAL,The amount $88.68 is typical for normal spending behavior.
6995,70.9,StoreA,NORMAL,The amount $70.9 is typical for normal spending behavior.
1514,175.24,StoreA,NORMAL,The amount $175.24 is typical for normal spending behavior.
1448,197.66,StoreA,NORMAL,The amount $197.66 is typical for normal spending behavior.
7019,128.85,StoreC,NORMAL,The amount $128.85 is typical for normal spending behavior.
6343,75.75,StoreA,NORMAL,The amount $75.75 is typical for normal spending behavior.
9033,90.85,StoreC,NORMAL,The amount $90.85 is typical for normal spending behavior.
3520,52.76,StoreA,NORMAL,The amount $52.76 is typical for normal spending behavior.
4081,187.14,StoreA,NORMAL,The amount $187.14 is typical for normal spending behavior.
2428,67.66,StoreB,NORMAL,The amount $67.66 is typical for normal spending behavior.
4967,136.48,StoreC,NORMAL,The amount $136.48 is typical for normal spending behavior.
7445,91.11,StoreA,NORMAL,The amount $91.11 is typical for normal spending behavior.
3159,133.13,StoreC,NORMAL,The amount $133.13 is typical for normal spending behavior.
6132,147.71,StoreC,NORMAL,The amount $147.71 is typical for normal spending behavior.
3547,174.46,StoreB,NORMAL,The amount $174.46 is typical for normal spending behavior.
3979,80.96,StoreB,NORMAL,The amount $80.96 is typical for normal spending behavior.
3649,51.65,StoreB,NORMAL,The amount $51.65 is typical for normal spending behavior.
9505,70.53,StoreB,NORMAL,The amount $70.53 is typical for normal spending behavior.
4083,185.0,StoreB,NORMAL,The amount $185.0 is typical for normal spending behavior.
2037,181.08,StoreB,NORMAL,The amount $181.08 is typical for normal spending behavior.
4489,139.61,StoreB,NORMAL,The amount $139.61 is typical for normal spending behavior.
8604,140.08,StoreB,NORMAL,The amount $140.08 is typical for normal spending behavior.
8544,149.76,StoreA,NORMAL,The amount $149.76 is typical for normal spending behavior.
3634,76.31,StoreC,NORMAL,The amount $76.31 is typical for normal spending behavior.
4983,187.16,StoreB,NORMAL,The amount $187.16 is typical for normal spending behavior.
2778,112.82,StoreB,NORMAL,The amount $112.82 is typical for normal spending behavior.
8902,107.47,StoreC,NORMAL,The amount $107.47 is typical for normal spending behavior.
6110,127.84,StoreA,NORMAL,The amount $127.84 is typical for normal spending behavior.
6189,57.04,StoreC,NORMAL,The amount $57.04 is typical for normal spending behavior.
8378,74.94,StoreC,NORMAL,The amount $74.94 is typical for normal spending behavior.
2124,160.71,StoreB,NORMAL,The amount $160.71 is typical for normal spending behavior.
1697,62.42,StoreC,NORMAL,The amount $62.42 is typical for normal spending behavior.
3179,140.47,StoreC,NORMAL,The amount $140.47 is typical for normal spending behavior.
6251,86.8,StoreB,NORMAL,The amount $86.8 is typical for normal spending behavior.
2929,108.39,StoreB,NORMAL,The amount $108.39 is typical for normal spending behavior.
2013,93.3,StoreB,NORMAL,The amount $93.3 is typical for normal spending behavior.
1226,103.35,StoreB,NORMAL,The amount $103.35 is typical for normal spending behavior.
8321,157.86,StoreC,NORMAL,The amount $157.86 is typical for normal spending behavior.
2828,94.57,StoreC,NORMAL,The amount $94.57 is typical for normal spending behavior.
8909,134.96,StoreA,NORMAL,The amount $134.96 is typical for normal spending behavior.
6588,121.41,StoreA,NORMAL,The amount $121.41 is typical for normal spending behavior.
3023,149.55,StoreC,NORMAL,The amount $149.55 is typical for normal spending behavior.
5966,190.52,StoreA,NORMAL,The amount $190.52 is typical for normal spending behavior.
6891,159.89,StoreC,NORMAL,The amount $159.89 is typical for normal spending behavior.
2080,82.24,StoreA,NORMAL,The amount $82.24 is typical for normal spending behavior.
6036,54.68,StoreB,NORMAL,The amount $54.68 is typical for normal spending behavior.
3563,89.34,StoreA,NORMAL,The amount $89.34 is typical for normal spending behavior.
4292,139.26,StoreB,NORMAL,The amount $139.26 is typical for normal spending behavior.
4586,57.71,StoreB,NORMAL,The amount $57.71 is typical for normal spending behavior.
5431,124.45,StoreB,NORMAL,The amount $124.45 is typical for normal spending behavior.
7841,139.53,StoreB,NORMAL,The amount $139.53 is typical for normal spending behavior.
7643,100.14,StoreA,NORMAL,The amount $100.14 is typical for normal spending behavior.
4959,165.64,StoreC,NORMAL,The amount $165.64 is typical for normal spending behavior.
1161,65.99,StoreB,NORMAL,The amount $65.99 is typical for normal spending behavior.
1593,61.27,StoreA,NORMAL,The amount $61.27 is typical for normal spending behavior.
4390,159.23,StoreB,NORMAL,The amount $159.23 is typical for normal spending behavior.
6997,124.32,StoreA,NORMAL,The amount $124.32 is typical for normal spending behavior.
7354,153.26,StoreA,NORMAL,The amount $153.26 is typical for normal spending behavior.
1663,115.22,StoreA,NORMAL,The amount $115.22 is typical for normal spending behavior.
1541,86.96,StoreC,NORMAL,The amount $86.96 is typical for normal spending behavior.
6433,172.87,StoreA,NORMAL,The amount $172.87 is typical for normal spending behavior.
6093,169.91,StoreA,NORMAL,The amount $169.91 is typical for normal spending behavior.
1867,154.2,StoreC,NORMAL,The amount $154.2 is typical for normal spending behavior.
9623,90.82,StoreC,NORMAL,The amount $90.82 is typical for normal spending behavior.
6469,138.53,StoreA,NORMAL,The amount $138.53 is typical for normal spending behavior.
7256,104.15,StoreC,NORMAL,The amount $104.15 is typical for normal spending behavior.
2169,63.74,StoreB,NORMAL,The amount $63.74 is typical for normal spending behavior.
1830,187.6,StoreB,NORMAL,The amount $187.6 is typical for normal spending behavior.
2651,70.52,StoreC,NORMAL,The amount $70.52 is typical for normal spending behavior.
2136,192.54,StoreC,NORMAL,The amount $192.54 is typical for normal spending behavior.
3810,116.9,StoreA,NORMAL,The amount $116.9 is typical for normal spending behavior.
