user_id,amount,location,time_of_day
1102,80.57,StoreB,evening
1435,80.6,StoreA,afternoon
1860,98.77,StoreB,evening
1270,69.68,StoreB,morning
1106,1966.08,StoreB,evening
1071,70.75,StoreC,afternoon
1700,71.31,StoreB,evening
1020,73.82,StoreC,morning
1614,84.44,StoreA,afternoon
1121,70.43,StoreA,evening
1466,105.12,StoreC,afternoon
1214,62.11,StoreC,afternoon
1330,76.26,StoreC,afternoon
1458,71.21,StoreB,evening
1087,108.94,StoreA,afternoon
1372,83.93,StoreC,evening
1099,100.64,StoreB,morning
1871,50.29,StoreA,evening
1663,85.34,StoreB,morning
1130,97.79,StoreA,evening
1661,81.65,StoreB,afternoon
1308,101.31,StoreA,evening
1769,69.65,StoreA,afternoon
1343,108.19,StoreB,morning
1491,125.98,StoreC,evening
1413,72.74,StoreA,afternoon
1805,71.09,StoreC,morning
1385,109.07,StoreB,morning
1191,111.59,StoreC,evening
1955,69.54,StoreC,morning
1276,71.6,StoreC,afternoon
1160,74.36,StoreC,morning
1459,53.11,StoreC,morning
1313,1479.1200000000001,StoreA,afternoon
1021,59.92,StoreA,morning
1252,1551.3600000000001,StoreA,morning
1747,79.31,StoreB,morning
1856,84.68,StoreC,morning
1560,111.01,StoreA,afternoon
1474,1440.72,StoreB,morning
1058,99.69,StoreA,afternoon
1510,75.72,StoreA,morning
1681,79.01,StoreC,morning
1475,93.5,StoreB,morning
1699,57.55,StoreC,morning
1975,87.65,StoreC,afternoon
1782,83.33,StoreA,afternoon
1189,89.85,StoreC,afternoon
1957,85.78,StoreB,evening
1686,129.11,StoreC,morning
1957,67.25,StoreC,morning
1562,69.38,StoreC,afternoon
1875,67.54,StoreA,evening
1566,68.89,StoreB,morning
1243,67.25,StoreA,afternoon
1831,103.78,StoreA,morning
1504,108.41,StoreA,morning
1130,68.59,StoreA,afternoon
1484,63.35,StoreA,afternoon
1818,89.43,StoreB,morning
1646,68.96,StoreC,morning
1020,92.66,StoreA,afternoon
1840,84.06,StoreA,morning
1166,49.69,StoreB,morning
1273,110.95,StoreB,afternoon
1387,115.92,StoreC,morning
1600,67.74,StoreB,morning
1315,72.25,StoreC,evening
1013,85.72,StoreA,afternoon
1241,86.69,StoreA,evening
1776,93.17,StoreC,evening
1345,120.2,StoreB,evening
1564,76.46,StoreC,morning
1897,64.03,StoreB,morning
1339,52.41,StoreA,evening
1091,65.38,StoreB,evening
1366,79.34,StoreC,evening
1955,115.89,StoreC,morning
1454,69.65,StoreA,evening
1427,84.48,StoreB,evening
1508,79.67,StoreB,afternoon
1775,103.77,StoreB,afternoon
1942,130.54,StoreA,morning
1034,69.38,StoreB,afternoon
1205,70.21,StoreC,afternoon
1080,100.88,StoreB,afternoon
1931,93.64,StoreA,morning
1561,116.93,StoreB,afternoon
1871,91.68,StoreB,morning
1387,72.81,StoreC,evening
1001,91.81,StoreB,afternoon
1389,102.17,StoreC,morning
1565,96.41,StoreC,afternoon
1105,90.15,StoreA,evening
1771,101.33,StoreC,morning
1821,103.39,StoreC,morning
1476,107.64,StoreA,morning
1702,92.97,StoreC,evening
1401,76.66,StoreA,evening
1729,82.93,StoreB,evening
1555,104.13,StoreA,morning
1161,63.66,StoreC,evening
1201,87.37,StoreA,afternoon
1957,72.13,StoreC,evening
1995,80.57,StoreB,morning
1269,105.57,StoreA,afternoon
1862,83.82,StoreB,evening
1815,80.93,StoreC,afternoon
1270,52.8,StoreC,afternoon
1455,94.93,StoreB,morning
1461,92.91,StoreA,afternoon
1726,123.27,StoreA,afternoon
1251,73.84,StoreC,morning
1701,84.38,StoreB,morning
1295,84.99,StoreB,morning
1724,111.55,StoreA,afternoon
1719,78.09,StoreA,afternoon
1748,85.58,StoreA,afternoon
1337,92.16,StoreB,morning
1878,83.73,StoreA,evening
1052,71.07,StoreA,afternoon
1791,83.88,StoreC,evening
1921,101.47,StoreA,morning
1216,59.47,StoreA,afternoon
1763,82.66,StoreB,evening
1187,66.0,StoreB,afternoon
1379,103.9,StoreC,afternoon
1492,49.54,StoreA,afternoon
1040,68.82,StoreC,evening
1156,87.54,StoreB,morning
1014,111.31,StoreC,afternoon
1812,78.68,StoreB,morning
1064,68.9,StoreC,morning
1856,117.62,StoreC,evening
1838,51.04,StoreA,evening
1520,36.02,StoreC,morning
1343,88.8,StoreA,afternoon
1128,69.96,StoreA,evening
1647,59.58,StoreA,afternoon
1471,94.17,StoreA,afternoon
1062,84.88,StoreC,afternoon
1138,68.72,StoreB,morning
1498,54.39,StoreB,afternoon
1592,97.45,StoreB,morning
1391,93.0,StoreC,morning
1674,78.02,StoreA,afternoon
1418,116.93,StoreB,afternoon
1288,58.6,StoreC,afternoon
1378,49.49,StoreA,afternoon
1772,66.16,StoreB,morning
1489,79.09,StoreA,afternoon
1230,84.87,StoreB,afternoon
1040,1804.3200000000002,StoreB,morning
1027,87.04,StoreB,evening
1134,54.97,StoreA,evening
1200,108.88,StoreC,morning
1839,78.36,StoreA,evening
1779,102.35,StoreB,morning
1929,86.85,StoreA,afternoon
1032,89.14,StoreC,afternoon
1047,91.4,StoreA,evening
1502,88.95,StoreC,afternoon
1406,92.85,StoreC,evening
1573,106.58,StoreA,evening
1727,83.93,StoreB,afternoon
1804,94.18,StoreC,afternoon
1098,78.21,StoreA,evening
1683,108.8,StoreC,afternoon
1871,66.47,StoreB,morning
1725,116.02,StoreA,afternoon
1986,79.2,StoreA,afternoon
1546,51.38,StoreA,morning
1960,82.56,StoreB,afternoon
1738,66.38,StoreC,afternoon
1612,96.81,StoreA,evening
1942,66.95,StoreC,afternoon
1461,71.08,StoreC,afternoon
1642,42.21,StoreB,morning
1768,1702.8000000000002,StoreA,evening
1004,31.52,StoreC,evening
1217,48.32,StoreA,evening
1502,95.21,StoreA,afternoon
1766,95.72,StoreB,evening
1397,88.51,StoreA,morning
1870,60.66,StoreA,evening
1794,79.05,StoreC,morning
1392,79.93,StoreB,evening
1206,56.83,StoreA,evening
1014,110.07,StoreC,morning
1857,97.55,StoreB,evening
1553,75.58,StoreB,evening
1891,80.54,StoreC,evening
1460,84.17,StoreC,afternoon
1690,39.17,StoreC,morning
1574,75.06,StoreC,evening
1863,66.36,StoreC,morning
1742,59.97,StoreA,morning
1240,74.38,StoreA,morning
1563,115.95,StoreB,evening
1095,92.82,StoreA,evening
1899,68.58,StoreA,morning
1733,91.45,StoreA,afternoon
1484,107.99,StoreC,morning
1406,98.49,StoreB,afternoon
1230,81.19,StoreB,morning
1748,67.06,StoreB,morning
1654,93.96,StoreB,morning
1170,87.87,StoreA,evening
1540,97.9,StoreA,afternoon
1035,92.7,StoreC,afternoon
1524,100.99,StoreB,morning
1159,69.3,StoreA,evening
1838,106.35,StoreA,evening
1698,83.95,StoreC,afternoon
1242,121.51,StoreC,evening
1085,66.22,StoreC,afternoon
1795,114.72,StoreA,afternoon
1577,83.96,StoreA,afternoon
1681,66.97,StoreC,evening
1556,1687.6799999999998,StoreB,afternoon
1573,73.59,StoreC,afternoon
1952,88.48,StoreC,morning
1645,90.46,StoreC,afternoon
1795,68.53,StoreC,afternoon
1027,79.51,StoreA,morning
1619,122.85,StoreB,morning
1555,114.55,StoreC,evening
1339,88.73,StoreB,afternoon
1797,80.76,StoreB,evening
1957,82.4,StoreB,evening
1330,92.27,StoreC,morning
1639,59.54,StoreA,evening
1505,74.85,StoreC,afternoon
1347,46.63,StoreB,morning
1472,87.98,StoreB,afternoon
1230,92.94,StoreA,afternoon
1189,70.34,StoreC,morning
1224,111.48,StoreB,afternoon
1384,55.48,StoreA,morning
1376,50.71,StoreB,afternoon
1282,84.49,StoreA,morning
1957,100.94,StoreA,evening
1632,113.68,StoreC,afternoon
1627,70.82,StoreB,morning
1972,101.57,StoreC,afternoon
1744,79.23,StoreB,afternoon
1258,76.55,StoreC,afternoon
1358,97.67,StoreB,morning
1709,93.05,StoreC,evening
1455,48.47,StoreA,evening
1410,109.53,StoreB,evening
1648,107.6,StoreB,morning
1317,67.49,StoreA,evening
1676,87.92,StoreC,morning
1224,89.88,StoreB,afternoon
1818,85.21,StoreB,afternoon
1233,68.99,StoreC,evening
1683,66.57,StoreA,morning
1663,79.49,StoreC,afternoon
1974,103.45,StoreC,morning
1826,90.87,StoreC,morning
1373,72.59,StoreB,afternoon
1671,95.43,StoreA,morning
1607,23.03,StoreA,afternoon
1471,102.98,StoreC,afternoon
1232,45.21,StoreB,afternoon
1691,72.75,StoreC,morning
1112,57.61,StoreB,afternoon
1829,54.11,StoreB,morning
1496,103.22,StoreB,afternoon
1441,70.65,StoreB,afternoon
1563,86.93,StoreA,evening
1267,79.06,StoreB,evening
1509,89.54,StoreB,evening
1806,81.54,StoreC,morning
1385,54.34,StoreC,morning
1386,99.93,StoreA,afternoon
1112,70.12,StoreC,afternoon
1612,48.87,StoreB,afternoon
1624,71.44,StoreC,afternoon
1951,110.02,StoreA,morning
1080,97.0,StoreC,afternoon
1698,73.03,StoreC,afternoon
1112,73.01,StoreA,evening
1001,73.57,StoreA,afternoon
1641,121.53,StoreB,afternoon
1219,87.64,StoreC,afternoon
1565,88.6,StoreB,morning
1854,100.61,StoreC,evening
1996,84.78,StoreC,afternoon
1735,74.82,StoreB,afternoon
1224,76.07,StoreC,evening
1384,78.57,StoreC,afternoon
1402,79.26,StoreC,morning
1637,94.55,StoreA,afternoon
1129,81.04,StoreB,morning
1052,94.65,StoreA,morning
1683,78.39,StoreB,afternoon
1729,81.57,StoreB,evening
1671,40.04,StoreC,morning
1709,98.33,StoreB,evening
1415,86.93,StoreA,afternoon
1246,99.96,StoreA,morning
1835,22.07,StoreA,afternoon
1438,121.77,StoreB,evening
1202,77.21,StoreA,afternoon
1183,102.16,StoreB,afternoon
1122,59.2,StoreA,morning
1400,92.26,StoreA,afternoon
1766,58.93,StoreB,afternoon
1293,67.52,StoreA,afternoon
1279,2838.7200000000003,StoreC,morning
1836,76.19,StoreB,evening
1883,84.35,StoreB,evening
1609,97.4,StoreB,afternoon
1197,89.91,StoreC,morning
1981,83.01,StoreB,afternoon
1906,87.3,StoreA,evening
1510,128.07,StoreA,morning
1751,78.85,StoreA,evening
1143,84.02,StoreB,evening
1608,101.01,StoreA,morning
1200,102.11,StoreB,morning
1123,103.74,StoreA,afternoon
1186,92.77,StoreC,afternoon
1325,57.14,StoreC,evening
1463,112.67,StoreC,morning
1348,57.07,StoreC,morning
1770,86.05,StoreB,afternoon
1659,64.91,StoreA,evening
1763,78.72,StoreC,evening
1954,86.58,StoreB,afternoon
1931,86.43,StoreC,morning
1402,88.44,StoreC,afternoon
1345,112.27,StoreB,afternoon
1962,89.07,StoreB,afternoon
1510,75.12,StoreA,afternoon
1146,99.28,StoreA,morning
1147,103.79,StoreC,afternoon
1863,55.45,StoreC,morning
1710,91.95,StoreA,afternoon
1819,94.02,StoreA,evening
1488,74.05,StoreB,morning
1928,107.51,StoreA,evening
1935,77.0,StoreA,afternoon
1639,82.51,StoreC,afternoon
1550,76.54,StoreA,afternoon
1337,80.31,StoreC,morning
1871,58.07,StoreA,evening
1640,51.2,StoreB,morning
1778,111.89,StoreA,morning
1987,63.06,StoreA,afternoon
1952,60.17,StoreA,evening
1472,36.93,StoreC,afternoon
1945,67.22,StoreB,morning
1150,53.54,StoreA,afternoon
1414,112.84,StoreC,evening
1989,100.2,StoreB,afternoon
1297,66.24,StoreC,evening
1610,125.05,StoreC,evening
1262,99.64,StoreB,afternoon
1763,73.5,StoreA,morning
1143,30.01,StoreC,afternoon
1345,125.82,StoreC,morning
1623,52.21,StoreA,morning
1571,47.09,StoreA,afternoon
1880,100.45,StoreB,morning
1001,128.8,StoreB,morning
1896,107.69,StoreB,afternoon
1303,91.28,StoreA,afternoon
1253,91.9,StoreC,afternoon
1651,97.07,StoreC,morning
1452,95.18,StoreB,evening
1036,85.62,StoreA,morning
1159,82.08,StoreC,evening
1008,78.75,StoreB,afternoon
1232,64.92,StoreC,evening
1098,74.39,StoreC,afternoon
1658,46.14,StoreA,afternoon
1815,78.03,StoreA,evening
1207,60.23,StoreC,afternoon
1130,57.93,StoreB,evening
1403,83.6,StoreA,afternoon
1151,107.84,StoreC,morning
1053,98.37,StoreA,morning
1119,48.59,StoreA,afternoon
1672,60.21,StoreA,afternoon
1919,98.82,StoreC,evening
1627,60.35,StoreB,morning
1586,75.51,StoreB,evening
1624,91.0,StoreB,afternoon
1967,60.63,StoreA,afternoon
1419,82.11,StoreC,evening
1421,53.32,StoreA,afternoon
1103,67.97,StoreB,morning
1851,86.4,StoreB,evening
1253,48.14,StoreC,morning
1226,88.81,StoreA,morning
1111,79.61,StoreB,morning
1509,91.05,StoreC,evening
1472,84.48,StoreA,afternoon
1098,107.28,StoreA,morning
1152,82.5,StoreB,morning
1860,71.41,StoreB,morning
1913,82.45,StoreA,afternoon
1895,90.87,StoreA,afternoon
1877,80.98,StoreB,evening
1337,80.81,StoreA,afternoon
1705,65.96,StoreB,evening
1821,66.74,StoreA,evening
1162,51.95,StoreB,evening
1719,114.99,StoreC,evening
1956,55.12,StoreB,evening
1680,66.14,StoreB,morning
1995,65.63,StoreC,afternoon
1160,97.9,StoreA,morning
1579,74.1,StoreC,evening
1800,104.95,StoreB,afternoon
1397,66.53,StoreA,morning
1276,85.58,StoreC,morning
1815,63.29,StoreA,evening
1915,122.9,StoreA,morning
1503,56.25,StoreC,morning
1895,86.2,StoreA,morning
1391,92.68,StoreC,morning
1134,88.28,StoreB,morning
1194,1830.96,StoreA,evening
1400,77.4,StoreB,evening
1639,80.88,StoreB,morning
1032,77.06,StoreA,evening
1687,99.28,StoreC,evening
1459,124.21,StoreA,afternoon
1954,68.85,StoreB,morning
1882,52.6,StoreB,evening
1469,78.23,StoreC,evening
1374,131.59,StoreA,morning
1021,63.93,StoreB,afternoon
1749,112.78,StoreB,morning
1669,113.55,StoreB,afternoon
1037,68.93,StoreC,morning
1229,91.38,StoreB,morning
1364,112.57,StoreB,morning
1562,72.42,StoreA,morning
1437,75.93,StoreA,afternoon
1775,68.37,StoreB,afternoon
1282,59.7,StoreB,evening
1026,67.01,StoreA,morning
1225,55.52,StoreC,afternoon
1276,80.68,StoreC,afternoon
1797,64.6,StoreC,afternoon
1608,84.68,StoreC,morning
1283,48.88,StoreC,evening
1878,86.62,StoreC,afternoon
1959,96.67,StoreC,morning
1480,40.13,StoreC,afternoon
1452,87.48,StoreA,afternoon
1828,104.55,StoreC,evening
1815,55.81,StoreC,afternoon
1658,113.45,StoreC,afternoon
1515,88.38,StoreB,morning
1546,65.9,StoreA,morning
1191,78.88,StoreA,evening
1048,91.17,StoreA,morning
1511,81.52,StoreC,morning
1016,90.78,StoreC,evening
1171,61.59,StoreB,afternoon
1219,83.39,StoreA,evening
1157,51.73,StoreC,morning
1476,77.78,StoreA,evening
1045,61.92,StoreB,afternoon
1372,65.29,StoreB,evening
1517,104.72,StoreB,morning
1098,101.83,StoreA,morning
1891,92.18,StoreC,evening
1744,58.15,StoreC,afternoon
1036,73.67,StoreB,evening
1279,104.26,StoreC,afternoon
1348,82.83,StoreB,afternoon
1496,3033.36,StoreA,evening
1301,87.87,StoreB,afternoon
1180,83.84,StoreA,morning
1606,73.82,StoreB,evening
1098,82.67,StoreC,afternoon
1699,76.95,StoreC,morning
1992,94.16,StoreB,evening
1115,99.13,StoreC,morning
1190,64.28,StoreC,morning
1252,53.38,StoreC,morning
1980,43.28,StoreA,afternoon
1927,2163.84,StoreC,evening
1982,57.93,StoreA,evening
1160,36.94,StoreB,afternoon
1255,87.77,StoreC,evening
1322,129.86,StoreC,morning
1127,79.88,StoreC,evening
1017,96.77,StoreB,afternoon
1792,81.64,StoreA,morning
1734,78.02,StoreA,afternoon
1565,98.38,StoreC,morning
1569,74.19,StoreB,morning
1322,85.35,StoreB,evening
1871,86.43,StoreB,morning
1685,66.64,StoreB,afternoon
1791,99.84,StoreB,evening
1625,76.5,StoreA,afternoon
1287,64.89,StoreA,morning
1942,90.73,StoreA,afternoon
1853,62.03,StoreC,afternoon
1662,80.56,StoreB,morning
1961,79.82,StoreC,evening
1638,101.72,StoreB,afternoon
1154,89.49,StoreA,morning
1489,79.5,StoreC,evening
1385,96.36,StoreA,evening
1985,107.8,StoreB,evening
1784,91.16,StoreB,afternoon
1103,1925.04,StoreB,afternoon
1928,53.76,StoreA,afternoon
1392,58.7,StoreB,evening
1810,73.9,StoreA,afternoon
1245,67.81,StoreC,morning
1175,76.26,StoreB,afternoon
1038,1947.12,StoreB,afternoon
1476,90.59,StoreB,evening
1681,78.59,StoreC,afternoon
1758,89.73,StoreB,morning
1537,81.29,StoreA,evening
1866,40.49,StoreA,morning
1817,61.21,StoreB,evening
1920,77.12,StoreB,evening
1407,55.81,StoreC,afternoon
1524,92.0,StoreC,morning
1827,110.62,StoreC,evening
1505,104.38,StoreB,afternoon
1902,75.73,StoreC,evening
1824,109.81,StoreC,evening
1035,82.97,StoreA,evening
1684,73.26,StoreC,evening
1019,67.73,StoreA,evening
1320,73.95,StoreA,evening
1775,72.24,StoreC,afternoon
1511,83.41,StoreA,evening
1399,83.21,StoreB,morning
1653,80.06,StoreB,afternoon
1971,88.74,StoreC,morning
1882,103.81,StoreB,evening
1470,98.99,StoreA,morning
1142,50.3,StoreB,evening
1091,28.92,StoreC,evening
1353,98.69,StoreC,afternoon
1833,52.66,StoreA,afternoon
1799,75.5,StoreC,evening
1726,56.6,StoreB,afternoon
1958,43.96,StoreC,morning
1853,90.83,StoreA,afternoon
1050,95.18,StoreC,afternoon
1664,68.47,StoreB,morning
1697,28.18,StoreA,afternoon
1574,69.08,StoreB,evening
1189,87.84,StoreA,morning
1124,50.42,StoreC,evening
1149,83.67,StoreA,morning
1313,79.69,StoreA,evening
1569,91.59,StoreC,evening
1341,82.39,StoreB,afternoon
1304,60.54,StoreC,evening
1691,103.93,StoreA,afternoon
1681,76.83,StoreC,morning
1837,79.45,StoreA,evening
1782,61.33,StoreC,evening
1053,71.13,StoreC,morning
1443,62.3,StoreB,morning
1612,76.54,StoreA,evening
1992,114.23,StoreB,morning
1263,52.56,StoreA,afternoon
1052,1145.52,StoreC,morning
1571,109.42,StoreA,morning
1619,75.81,StoreB,evening
1004,66.62,StoreB,afternoon
1102,100.8,StoreB,morning
1195,67.89,StoreA,afternoon
1773,116.52,StoreB,afternoon
1876,93.56,StoreB,afternoon
1991,70.24,StoreB,evening
1883,123.15,StoreC,morning
1349,67.89,StoreC,evening
1046,94.84,StoreA,morning
1866,2063.7599999999998,StoreA,morning
1822,106.03,StoreB,evening
1935,111.23,StoreC,afternoon
1819,80.64,StoreB,afternoon
1655,64.93,StoreB,morning
1268,89.2,StoreC,evening
1369,66.45,StoreC,afternoon
1635,120.27,StoreC,afternoon
1105,82.73,StoreA,morning
1669,72.69,StoreA,morning
1658,83.69,StoreB,evening
1656,1273.44,StoreA,morning
1119,60.57,StoreC,afternoon
1830,104.01,StoreC,afternoon
1786,66.86,StoreA,afternoon
1603,59.06,StoreB,afternoon
1057,90.73,StoreB,evening
1950,103.71,StoreA,evening
1345,94.38,StoreB,morning
1740,99.92,StoreB,morning
1473,64.86,StoreB,morning
1116,51.56,StoreC,evening
1829,110.03,StoreC,afternoon
1790,73.55,StoreA,morning
1126,74.98,StoreC,afternoon
1392,2557.44,StoreB,morning
1907,91.12,StoreC,morning
1640,89.12,StoreA,morning
1057,123.3,StoreC,morning
1633,67.13,StoreB,morning
1512,98.56,StoreB,afternoon
1750,81.14,StoreA,morning
1801,2048.88,StoreC,afternoon
1095,110.57,StoreC,evening
1637,90.16,StoreC,morning
1117,90.77,StoreB,afternoon
1559,101.45,StoreA,evening
1600,72.7,StoreC,evening
1487,63.22,StoreB,evening
1236,59.1,StoreB,afternoon
1884,40.67,StoreB,morning
1896,121.12,StoreC,morning
1271,57.94,StoreC,afternoon
1188,75.57,StoreC,morning
1998,74.46,StoreC,afternoon
1703,86.15,StoreC,morning
1446,96.31,StoreC,evening
1580,97.21,StoreC,morning
1789,1640.16,StoreC,afternoon
1860,76.66,StoreC,afternoon
1246,85.65,StoreB,evening
1962,75.03,StoreC,afternoon
1075,112.15,StoreA,morning
1153,89.82,StoreB,morning
1655,94.7,StoreC,evening
1434,93.26,StoreA,afternoon
1996,103.47,StoreC,evening
1085,83.62,StoreA,morning
1696,54.06,StoreA,evening
1284,87.99,StoreA,afternoon
1973,66.97,StoreA,evening
1219,69.43,StoreB,afternoon
1068,91.73,StoreB,afternoon
1046,104.77,StoreA,morning
1093,80.43,StoreC,morning
1749,86.18,StoreA,morning
1957,114.04,StoreB,afternoon
1452,84.82,StoreC,evening
1203,132.03,StoreB,afternoon
1911,91.31,StoreB,morning
1217,44.78,StoreC,morning
1473,95.07,StoreA,evening
1431,87.62,StoreA,morning
1340,105.8,StoreA,morning
1550,93.46,StoreA,morning
1611,77.23,StoreC,evening
1288,55.51,StoreC,afternoon
1253,75.82,StoreC,morning
1733,62.99,StoreB,evening
1356,68.39,StoreC,morning
1022,91.77,StoreA,evening
1761,113.4,StoreB,morning
1521,87.89,StoreA,evening
1757,56.08,StoreA,morning
1836,88.89,StoreC,afternoon
1099,103.93,StoreC,morning
1801,67.8,StoreA,evening
1179,77.32,StoreA,morning
1222,80.29,StoreB,afternoon
1905,64.3,StoreC,morning
1761,2231.2799999999997,StoreB,evening
1658,77.58,StoreB,evening
1441,88.39,StoreB,afternoon
1607,62.25,StoreA,evening
1768,71.25,StoreB,morning
1324,94.45,StoreB,morning
1515,72.54,StoreA,morning
1015,114.54,StoreC,evening
1791,72.01,StoreC,morning
1335,84.49,StoreB,morning
1758,98.65,StoreA,morning
1257,51.63,StoreC,afternoon
1496,44.78,StoreB,evening
1987,49.49,StoreB,evening
1895,105.25,StoreA,evening
1159,68.96,StoreB,afternoon
1474,131.16,StoreC,evening
1851,1649.28,StoreA,afternoon
1663,83.69,StoreC,afternoon
1907,110.84,StoreC,evening
1689,120.12,StoreC,morning
1674,121.23,StoreB,morning
1379,104.17,StoreB,evening
1544,100.48,StoreC,evening
1928,91.85,StoreC,afternoon
1956,95.57,StoreA,evening
1690,68.98,StoreA,afternoon
1426,63.64,StoreB,evening
1612,79.93,StoreB,morning
1267,76.6,StoreA,morning
1834,70.94,StoreC,evening
1576,93.93,StoreB,afternoon
1416,99.11,StoreC,morning
1167,81.77,StoreA,afternoon
1841,109.55,StoreB,evening
1042,57.17,StoreB,evening
1555,76.13,StoreA,morning
1284,65.66,StoreB,evening
1396,42.67,StoreA,morning
1011,78.35,StoreB,afternoon
1606,77.57,StoreA,morning
1301,110.27,StoreB,morning
1897,92.62,StoreC,afternoon
1252,59.52,StoreC,morning
1498,117.08,StoreC,morning
1753,104.42,StoreB,evening
1034,91.64,StoreB,afternoon
1726,75.47,StoreC,morning
1848,60.81,StoreC,afternoon
1089,72.56,StoreA,afternoon
1775,101.77,StoreA,morning
1604,117.69,StoreA,evening
1921,110.86,StoreC,afternoon
1969,70.22,StoreC,morning
1601,57.61,StoreC,afternoon
1417,82.82,StoreA,evening
1114,44.63,StoreB,evening
1616,86.46,StoreC,evening
1902,77.05,StoreB,morning
1195,70.68,StoreB,morning
1825,48.11,StoreB,evening
1500,90.27,StoreA,morning
1625,1664.3999999999999,StoreB,evening
1492,56.6,StoreC,morning
1074,22.55,StoreA,evening
1412,79.45,StoreC,afternoon
1375,115.45,StoreC,evening
1419,113.23,StoreA,evening
1728,70.86,StoreC,morning
1276,67.96,StoreC,morning
1760,89.38,StoreA,morning
1675,60.03,StoreC,morning
1393,86.04,StoreB,morning
1868,95.32,StoreC,morning
1456,104.54,StoreB,afternoon
1919,78.0,StoreC,evening
1191,75.93,StoreA,evening
1738,62.44,StoreA,evening
1688,63.46,StoreC,afternoon
1098,75.47,StoreA,evening
1547,87.35,StoreC,afternoon
1977,98.27,StoreA,afternoon
1998,63.94,StoreB,afternoon
1095,109.85,StoreC,evening
1663,74.58,StoreB,afternoon
1662,79.57,StoreB,evening
1189,65.06,StoreC,evening
1735,31.52,StoreB,morning
1036,97.68,StoreC,morning
1779,94.74,StoreB,afternoon
1368,74.37,StoreC,afternoon
1694,81.34,StoreC,evening
1524,90.32,StoreA,afternoon
1278,48.75,StoreC,afternoon
1216,69.42,StoreC,evening
1866,95.89,StoreB,afternoon
1872,54.91,StoreC,afternoon
1797,85.87,StoreA,evening
1272,52.87,StoreB,evening
1880,89.33,StoreB,morning
1061,79.29,StoreA,evening
1595,47.7,StoreB,morning
1879,103.29,StoreB,afternoon
1728,65.31,StoreB,evening
1341,63.79,StoreB,evening
1396,84.01,StoreA,evening
1698,102.97,StoreA,afternoon
1018,59.68,StoreB,morning
1176,81.23,StoreB,afternoon
1611,88.58,StoreA,afternoon
1395,93.86,StoreA,evening
1444,83.53,StoreA,morning
1232,72.66,StoreB,afternoon
1914,63.45,StoreB,evening
1075,81.72,StoreC,afternoon
1264,58.56,StoreA,afternoon
1454,21.57,StoreB,evening
1795,88.73,StoreA,evening
1717,98.08,StoreB,morning
1734,32.74,StoreA,afternoon
1383,59.81,StoreB,evening
1563,92.38,StoreC,evening
1850,121.15,StoreC,morning
1505,80.42,StoreA,morning
1366,65.44,StoreB,evening
1143,76.34,StoreB,morning
1884,107.5,StoreA,evening
1068,67.08,StoreB,afternoon
1098,64.02,StoreA,morning
1395,70.35,StoreB,afternoon
1024,60.93,StoreA,afternoon
1947,82.45,StoreB,afternoon
1890,112.49,StoreA,evening
1468,86.46,StoreB,afternoon
1483,74.95,StoreC,afternoon
1564,74.16,StoreB,afternoon
1150,48.74,StoreA,evening
1143,97.66,StoreC,afternoon
1568,78.44,StoreB,afternoon
1038,76.39,StoreC,morning
1108,143.86,StoreB,evening
1692,85.98,StoreC,afternoon
1041,64.96,StoreA,morning
1185,71.47,StoreB,evening
1934,102.97,StoreB,evening
1397,82.27,StoreA,evening
1222,51.23,StoreC,evening
1633,98.38,StoreA,evening
1132,66.64,StoreA,evening
1162,117.47,StoreC,afternoon
1214,101.6,StoreA,afternoon
1732,71.05,StoreB,afternoon
1234,105.62,StoreB,afternoon
1842,81.36,StoreB,morning
1657,97.06,StoreA,afternoon
1750,89.69,StoreB,evening
1587,63.07,StoreB,afternoon
1008,67.13,StoreB,afternoon
1073,100.6,StoreB,evening
1953,73.3,StoreB,afternoon
1491,71.93,StoreB,afternoon
1912,60.9,StoreA,afternoon
1252,88.47,StoreB,morning
1229,121.25,StoreB,afternoon
1518,58.65,StoreC,evening
1173,80.48,StoreA,evening
1652,108.24,StoreA,afternoon
1167,78.41,StoreA,afternoon
1169,89.05,StoreA,afternoon
1392,58.75,StoreB,evening
1945,88.57,StoreB,evening
1794,76.26,StoreC,morning
1633,99.71,StoreC,morning
1193,103.75,StoreA,morning
1516,131.79,StoreC,evening
1028,91.59,StoreC,morning
1164,86.52,StoreA,afternoon
1421,83.89,StoreA,afternoon
1338,72.94,StoreC,evening
1647,86.77,StoreB,morning
1495,74.09,StoreC,afternoon
1364,83.37,StoreC,evening
1832,106.35,StoreB,morning
1341,59.87,StoreB,afternoon
1499,102.8,StoreA,morning
1656,106.34,StoreA,evening
1510,77.64,StoreC,morning
1326,37.56,StoreB,evening
1216,67.84,StoreA,morning
1300,105.94,StoreC,afternoon
1131,79.54,StoreB,evening
1803,60.01,StoreC,evening
1069,69.9,StoreA,evening
1251,96.81,StoreA,morning
1414,90.93,StoreB,morning
1786,75.22,StoreC,afternoon
1444,72.66,StoreB,evening
1875,72.16,StoreA,evening
1181,61.55,StoreA,morning
1166,112.31,StoreC,morning
1090,73.55,StoreC,afternoon
1713,104.34,StoreC,afternoon
1857,110.43,StoreB,morning
1530,99.97,StoreC,evening
1038,1712.88,StoreC,afternoon
1125,88.07,StoreA,morning
1450,79.52,StoreA,morning
1172,61.93,StoreC,evening
1652,86.49,StoreC,morning
1753,56.42,StoreA,morning
1219,103.75,StoreC,afternoon
1637,70.71,StoreB,morning
1057,84.02,StoreB,morning
1659,85.67,StoreB,afternoon
1475,74.82,StoreC,evening
1455,91.73,StoreA,evening
1828,70.5,StoreC,afternoon
1894,97.43,StoreC,afternoon
1360,53.08,StoreA,evening
1934,82.53,StoreA,evening
1000,118.78,StoreA,evening
1386,59.99,StoreB,evening
1972,66.45,StoreC,evening
1347,90.28,StoreA,afternoon
1189,83.59,StoreC,morning
1504,87.01,StoreB,evening
1190,89.78,StoreB,evening
1507,92.69,StoreA,morning
1368,102.19,StoreA,morning
1408,88.2,StoreC,morning
1823,75.17,StoreA,morning
1928,93.45,StoreC,morning
1933,118.0,StoreA,morning
1116,77.35,StoreC,afternoon
1133,60.51,StoreC,morning
1057,102.14,StoreC,morning
1555,77.59,StoreC,afternoon
1684,36.55,StoreB,morning
1671,2326.8,StoreC,evening
1172,69.29,StoreA,evening
1828,78.19,StoreB,morning
1814,86.64,StoreB,afternoon
1148,83.81,StoreC,evening
1079,94.19,StoreB,afternoon
1885,71.29,StoreC,evening
1212,90.26,StoreA,morning
1202,74.81,StoreC,afternoon
1763,94.78,StoreB,afternoon
1228,92.31,StoreA,afternoon
1675,1470.96,StoreC,evening
1226,2441.2799999999997,StoreA,evening
1658,69.28,StoreA,evening
1531,96.16,StoreB,morning
1440,87.35,StoreA,evening
1401,116.76,StoreB,morning
1046,75.53,StoreA,afternoon
1232,73.01,StoreC,afternoon
1304,79.61,StoreA,morning
1525,73.94,StoreC,evening
1142,96.0,StoreC,morning
1414,47.67,StoreA,afternoon
1512,58.93,StoreC,afternoon
1372,58.64,StoreA,morning
1565,99.01,StoreA,evening
1885,114.21,StoreC,evening
1258,77.91,StoreC,morning
1655,76.62,StoreB,morning
1470,81.4,StoreC,evening
1952,103.24,StoreB,afternoon
1970,61.45,StoreC,morning
1011,84.77,StoreA,evening
1329,99.5,StoreC,evening
1735,90.02,StoreA,afternoon
1783,83.79,StoreA,afternoon
1967,100.02,StoreA,afternoon
1357,25.94,StoreB,afternoon
1971,93.56,StoreC,afternoon
1407,66.92,StoreA,morning
1667,43.39,StoreA,evening
1372,90.22,StoreB,morning
1007,107.47,StoreC,morning
1121,77.25,StoreC,morning
1347,99.06,StoreB,morning
1675,112.25,StoreB,morning
1089,106.3,StoreC,afternoon
1647,112.8,StoreB,afternoon
1697,94.84,StoreC,evening
1315,81.51,StoreC,morning
1177,47.96,StoreA,evening
1539,75.08,StoreA,afternoon
1731,63.14,StoreC,afternoon
1868,123.42,StoreC,afternoon
1040,76.48,StoreC,morning
1739,82.46,StoreC,morning
1703,91.03,StoreC,afternoon
1922,80.87,StoreC,evening
1501,113.9,StoreB,evening
1958,67.55,StoreC,afternoon
1144,83.89,StoreB,evening
1200,65.15,StoreB,afternoon
1928,53.6,StoreC,evening
1723,67.76,StoreC,afternoon
1460,1902.2400000000002,StoreB,evening
1731,1713.84,StoreB,morning
1751,66.15,StoreC,afternoon
1924,51.87,StoreC,afternoon
1908,78.34,StoreB,evening
1557,49.91,StoreB,afternoon
1546,95.2,StoreB,afternoon
1252,81.65,StoreA,afternoon
1389,50.85,StoreB,morning
1593,73.82,StoreA,morning
1882,1559.04,StoreC,evening
1255,86.38,StoreC,morning
1708,106.81,StoreB,evening
1814,42.5,StoreC,morning
1920,82.3,StoreC,evening
1449,76.8,StoreC,morning
1009,93.43,StoreC,morning
1823,84.26,StoreA,evening
1797,64.96,StoreA,afternoon
1241,73.62,StoreB,afternoon
1250,64.08,StoreB,morning
1876,101.52,StoreB,evening
1004,80.43,StoreC,afternoon
1118,118.02,StoreC,evening
1800,78.79,StoreA,afternoon
1373,65.83,StoreA,evening
1064,49.73,StoreB,morning
1145,43.94,StoreA,evening
1223,48.32,StoreA,afternoon
1238,85.34,StoreA,morning
1176,90.17,StoreA,evening
1778,48.38,StoreA,afternoon
1852,97.9,StoreB,morning
1281,70.34,StoreB,evening
1062,82.94,StoreA,afternoon
1216,112.24,StoreB,evening
1853,97.94,StoreC,evening
1826,74.63,StoreA,morning
1794,62.18,StoreC,morning
1688,36.96,StoreB,afternoon
1460,65.62,StoreB,morning
1928,75.78,StoreC,afternoon
1609,60.26,StoreB,evening
1104,77.37,StoreA,evening
1098,81.54,StoreC,afternoon
1510,75.5,StoreA,evening
1384,67.0,StoreC,morning
1404,83.37,StoreB,evening
1822,88.84,StoreC,morning
1517,58.19,StoreC,afternoon
1475,108.22,StoreA,afternoon
1976,78.03,StoreB,evening
1708,80.38,StoreA,evening
1862,94.16,StoreB,morning
1644,84.66,StoreA,morning
1869,99.06,StoreC,evening
1770,85.74,StoreA,evening
1436,67.75,StoreB,afternoon
1022,87.23,StoreB,afternoon
1996,57.13,StoreC,afternoon
1564,82.17,StoreB,evening
1676,79.34,StoreA,evening
1713,75.84,StoreC,evening
1457,77.43,StoreB,afternoon
1082,42.36,StoreB,evening
1144,69.03,StoreA,morning
1084,81.86,StoreA,evening
1077,83.2,StoreC,evening
1456,59.45,StoreB,evening
1877,105.31,StoreA,evening
1000,62.68,StoreC,evening
1050,2385.36,StoreB,morning
1684,88.54,StoreB,morning
1716,67.08,StoreC,evening
1771,115.51,StoreC,afternoon
1445,56.13,StoreA,evening
1448,2361.12,StoreB,evening
1880,100.01,StoreB,evening
1487,66.59,StoreB,afternoon
1799,107.85,StoreC,afternoon
1033,75.0,StoreA,afternoon
1347,85.77,StoreB,morning
1094,85.21,StoreC,afternoon
1071,77.31,StoreB,morning
1550,96.22,StoreA,morning
1153,95.87,StoreB,afternoon
1249,45.03,StoreA,afternoon
1673,106.09,StoreA,afternoon
1437,46.75,StoreB,morning
1117,100.65,StoreB,evening
1770,102.53,StoreA,afternoon
1890,58.18,StoreC,afternoon
1305,71.78,StoreA,afternoon
1267,57.89,StoreB,morning
1960,75.7,StoreB,morning
1053,73.84,StoreC,evening
1235,95.59,StoreA,afternoon
1388,106.21,StoreA,morning
1989,107.91,StoreA,evening
1733,68.76,StoreB,afternoon
1762,75.82,StoreA,morning
1824,46.33,StoreC,afternoon
1400,63.88,StoreB,afternoon
1623,99.3,StoreB,morning
1766,112.31,StoreA,morning
1302,55.31,StoreC,morning
1918,68.15,StoreB,afternoon
1206,79.47,StoreB,afternoon
1228,85.6,StoreA,evening
1852,63.81,StoreA,afternoon
1909,88.48,StoreC,morning
1577,70.52,StoreA,afternoon
1074,79.71,StoreC,evening
1434,90.93,StoreB,evening
1102,80.13,StoreC,morning
1421,71.27,StoreC,morning
1703,77.81,StoreC,evening
1763,78.23,StoreB,evening
1737,72.6,StoreA,evening
1805,74.82,StoreB,morning
1305,111.97,StoreA,evening
1097,91.22,StoreC,evening
1849,74.09,StoreC,morning
1797,93.94,StoreC,afternoon
1334,73.32,StoreC,afternoon
1858,103.46,StoreC,evening
1434,87.39,StoreA,afternoon
1446,77.85,StoreA,afternoon
1993,88.95,StoreC,afternoon
1307,48.58,StoreB,afternoon
1248,57.46,StoreB,evening
1165,56.12,StoreC,afternoon
1480,82.86,StoreA,afternoon
1983,114.65,StoreB,morning
1334,124.63,StoreB,evening
1541,92.76,StoreB,morning
1758,90.02,StoreC,morning
1105,43.98,StoreB,evening
1562,69.15,StoreB,afternoon
1080,64.24,StoreB,morning
1132,67.58,StoreB,evening
1796,76.64,StoreA,afternoon
1899,70.56,StoreC,evening
1137,40.41,StoreC,morning
1183,94.96,StoreA,afternoon
1400,58.55,StoreA,afternoon
1329,84.78,StoreC,evening
1784,121.48,StoreB,afternoon
1507,61.61,StoreB,morning
1851,705.36,StoreC,morning
1983,74.28,StoreB,morning
1068,102.02,StoreA,evening
1545,119.17,StoreB,afternoon
1773,55.41,StoreB,afternoon
1052,89.93,StoreB,afternoon
1449,70.69,StoreC,morning
1204,77.88,StoreA,afternoon
1125,132.89,StoreB,morning
1746,49.94,StoreC,afternoon
1042,85.07,StoreB,morning
1751,89.35,StoreA,afternoon
1970,101.72,StoreB,evening
1882,81.96,StoreA,evening
1110,86.16,StoreB,morning
1760,72.17,StoreA,morning
1662,85.38,StoreB,afternoon
1182,73.14,StoreA,afternoon
1847,92.43,StoreB,evening
1094,72.61,StoreB,afternoon
1970,87.54,StoreC,morning
1373,79.41,StoreC,morning
1911,102.52,StoreA,morning
1519,78.97,StoreB,morning
1899,44.54,StoreA,morning
1359,105.24,StoreC,evening
1899,61.89,StoreA,evening
1695,66.92,StoreA,morning
1280,68.09,StoreC,afternoon
1194,107.49,StoreB,morning
1863,37.29,StoreA,evening
1194,142.75,StoreC,morning
1666,101.12,StoreB,evening
1092,84.46,StoreC,evening
1671,78.9,StoreA,morning
1945,85.71,StoreB,morning
1060,90.42,StoreB,afternoon
1633,92.9,StoreC,evening
1050,91.11,StoreC,afternoon
1402,81.79,StoreC,morning
1788,76.05,StoreB,evening
1004,76.97,StoreB,afternoon
1465,76.1,StoreA,afternoon
1603,102.68,StoreB,afternoon
1681,91.87,StoreA,morning
1828,21.19,StoreC,morning
1533,93.12,StoreC,morning
1404,83.89,StoreB,evening
1837,79.63,StoreC,morning
1512,72.23,StoreC,evening
1644,102.48,StoreB,afternoon
1232,98.95,StoreA,afternoon
1523,64.54,StoreB,morning
1345,88.14,StoreA,afternoon
1045,60.57,StoreB,morning
1545,52.41,StoreB,evening
1944,67.47,StoreC,afternoon
1077,97.25,StoreB,morning
1729,99.06,StoreB,afternoon
1812,90.26,StoreA,afternoon
1922,94.5,StoreC,morning
1072,90.32,StoreA,afternoon
1793,67.17,StoreA,afternoon
1248,88.64,StoreC,afternoon
1046,96.01,StoreC,afternoon
1120,95.09,StoreC,evening
1213,103.78,StoreB,afternoon
1238,94.17,StoreC,afternoon
1055,87.03,StoreC,morning
1349,101.4,StoreC,evening
1106,79.47,StoreA,morning
1830,62.36,StoreA,morning
1047,76.74,StoreB,morning
1572,65.1,StoreA,evening
1336,66.5,StoreB,morning
1025,77.11,StoreA,morning
1803,64.15,StoreC,morning
1256,73.84,StoreA,afternoon
1007,42.13,StoreB,morning
1624,84.27,StoreA,evening
1866,80.02,StoreC,evening
1252,63.66,StoreB,afternoon
1691,93.18,StoreC,evening
1718,98.75,StoreC,evening
1302,47.85,StoreB,afternoon
1638,64.75,StoreC,morning
1055,64.62,StoreC,afternoon
1725,61.2,StoreA,morning
1525,96.59,StoreC,morning
1473,76.12,StoreC,evening
1027,74.71,StoreC,afternoon
1982,39.92,StoreC,evening
1077,92.71,StoreB,evening
1215,55.21,StoreA,morning
1385,81.2,StoreC,evening
1364,85.55,StoreC,afternoon
1665,107.21,StoreB,evening
1525,53.82,StoreC,evening
1698,19.61,StoreB,morning
1311,83.68,StoreA,afternoon
1882,116.01,StoreA,evening
1006,104.78,StoreC,morning
1002,84.19,StoreC,evening
1622,70.17,StoreC,afternoon
1918,96.14,StoreB,evening
1749,60.53,StoreC,evening
1362,89.53,StoreC,morning
1750,90.11,StoreA,evening
1507,101.2,StoreC,morning
1273,135.19,StoreA,afternoon
1505,2108.3999999999996,StoreC,evening
1805,69.82,StoreA,afternoon
1738,79.49,StoreC,afternoon
1882,44.62,StoreA,evening
1014,66.11,StoreB,morning
1191,71.81,StoreA,afternoon
1984,69.52,StoreA,afternoon
1630,83.05,StoreA,evening
1484,63.55,StoreC,evening
1027,102.42,StoreC,evening
1713,80.0,StoreC,evening
1038,79.81,StoreB,evening
1952,73.44,StoreB,evening
1272,83.1,StoreA,morning
1230,96.5,StoreB,afternoon
1085,62.66,StoreA,morning
1473,66.84,StoreA,morning
1125,1774.3200000000002,StoreA,evening
1811,53.08,StoreB,afternoon
1536,63.61,StoreC,morning
1144,70.48,StoreB,evening
1524,97.49,StoreA,evening
1211,85.25,StoreA,afternoon
1024,83.87,StoreB,morning
1579,97.02,StoreA,morning
1393,77.25,StoreA,morning
1066,87.81,StoreB,evening
1232,77.94,StoreB,afternoon
1108,85.31,StoreB,afternoon
1145,68.34,StoreA,morning
1110,31.22,StoreA,evening
1227,77.31,StoreC,morning
1110,108.45,StoreC,afternoon
1469,98.52,StoreB,evening
1033,99.31,StoreC,morning
1622,104.72,StoreA,morning
1775,81.77,StoreC,evening
1935,83.95,StoreA,afternoon
1368,67.65,StoreB,evening
1747,73.68,StoreB,morning
1594,92.32,StoreA,morning
1553,104.08,StoreC,morning
1424,77.21,StoreB,morning
1612,71.0,StoreB,afternoon
1517,80.01,StoreC,afternoon
1691,92.02,StoreC,morning
1281,51.12,StoreA,afternoon
1319,34.08,StoreC,afternoon
1737,68.99,StoreC,afternoon
1442,55.59,StoreC,morning
1951,69.84,StoreA,evening
1314,77.04,StoreA,evening
1876,70.94,StoreB,evening
1965,109.05,StoreA,morning
1740,86.53,StoreB,afternoon
1376,86.01,StoreC,afternoon
1288,92.44,StoreB,morning
1436,57.22,StoreB,morning
1661,100.78,StoreC,evening
1276,78.48,StoreB,evening
1709,93.41,StoreA,morning
1581,58.56,StoreA,evening
1502,48.92,StoreA,afternoon
1623,96.36,StoreA,morning
1515,87.53,StoreB,morning
1349,61.96,StoreB,afternoon
1842,62.61,StoreC,afternoon
1445,102.51,StoreB,afternoon
1829,56.21,StoreB,evening
1349,112.85,StoreB,morning
1606,1487.76,StoreC,evening
1663,92.77,StoreA,afternoon
1822,73.43,StoreB,evening
1136,92.06,StoreC,afternoon
1758,69.12,StoreC,evening
1898,76.74,StoreC,evening
1242,80.82,StoreA,afternoon
1542,59.96,StoreB,evening
1039,94.82,StoreC,morning
1228,69.74,StoreA,evening
1547,75.43,StoreC,evening
1919,60.11,StoreC,morning
1222,28.75,StoreC,afternoon
1005,76.18,StoreC,morning
1321,128.25,StoreC,evening
1467,95.69,StoreA,afternoon
1731,1910.6399999999999,StoreB,evening
1074,74.74,StoreB,evening
1003,80.45,StoreB,morning
1846,90.94,StoreB,morning
1645,56.38,StoreA,afternoon
1117,102.29,StoreA,afternoon
1880,94.31,StoreA,afternoon
1605,94.36,StoreC,evening
1503,88.77,StoreC,morning
1997,80.39,StoreC,morning
1946,93.46,StoreB,morning
1573,91.84,StoreC,afternoon
1440,72.92,StoreB,morning
1193,68.53,StoreC,morning
1846,82.04,StoreB,morning
1714,2663.52,StoreC,afternoon
1391,55.22,StoreC,morning
1025,50.65,StoreA,afternoon
1434,83.3,StoreC,morning
1172,81.02,StoreC,morning
1299,83.47,StoreA,morning
1644,84.88,StoreB,afternoon
1325,75.54,StoreA,afternoon
1409,109.8,StoreA,morning
1117,47.98,StoreB,evening
1835,63.43,StoreC,afternoon
1786,77.93,StoreB,afternoon
1723,47.14,StoreC,morning
1224,76.48,StoreC,evening
1531,113.23,StoreB,morning
1112,80.42,StoreA,afternoon
1139,84.61,StoreB,afternoon
1558,54.8,StoreC,morning
1000,67.67,StoreB,morning
1089,72.5,StoreB,evening
1653,73.65,StoreC,evening
1319,105.63,StoreA,afternoon
1549,91.15,StoreB,evening
1804,57.77,StoreC,evening
1893,84.93,StoreC,afternoon
1138,89.96,StoreB,afternoon
1510,102.8,StoreA,afternoon
1867,111.61,StoreB,afternoon
1844,59.7,StoreA,morning
1258,63.78,StoreA,afternoon
1672,54.85,StoreA,afternoon
1901,75.32,StoreA,afternoon
1689,89.33,StoreB,evening
1009,99.75,StoreC,afternoon
1260,78.48,StoreC,morning
1918,73.6,StoreC,morning
1649,83.04,StoreC,afternoon
1171,63.3,StoreC,morning
1897,121.79,StoreC,evening
1012,47.85,StoreB,afternoon
1167,83.69,StoreA,morning
1641,120.47,StoreC,morning
1595,80.14,StoreB,afternoon
1320,76.2,StoreC,morning
1318,72.85,StoreC,afternoon
1612,76.39,StoreA,morning
1328,107.46,StoreA,evening
1784,35.76,StoreA,morning
1776,110.67,StoreC,morning
1970,51.52,StoreC,afternoon
1910,74.67,StoreC,morning
1919,71.42,StoreA,afternoon
1549,91.77,StoreB,evening
1418,48.04,StoreC,afternoon
1605,89.24,StoreC,afternoon
1094,120.49,StoreC,morning
1816,52.74,StoreB,evening
1580,83.79,StoreC,afternoon
1317,66.76,StoreB,morning
1955,88.52,StoreC,morning
1235,80.38,StoreB,afternoon
1945,67.17,StoreC,morning
1333,89.76,StoreA,afternoon
1884,116.09,StoreA,afternoon
1375,76.18,StoreA,afternoon
1458,94.4,StoreA,evening
1136,54.13,StoreC,afternoon
1929,60.87,StoreA,morning
1587,89.45,StoreB,evening
1994,109.68,StoreA,morning
1546,87.11,StoreA,evening
1512,73.74,StoreA,evening
1295,79.99,StoreC,evening
1319,54.99,StoreA,evening
1917,92.09,StoreB,morning
1571,97.65,StoreA,afternoon
1831,70.96,StoreA,morning
1348,70.6,StoreA,afternoon
1839,85.32,StoreB,morning
1778,71.27,StoreA,evening
1872,78.68,StoreB,evening
1228,121.99,StoreB,afternoon
1269,75.06,StoreA,afternoon
1827,72.83,StoreB,morning
1797,67.05,StoreC,afternoon
1290,94.88,StoreA,morning
1724,76.38,StoreA,afternoon
1164,67.01,StoreB,afternoon
1004,106.43,StoreB,afternoon
1850,108.39,StoreA,evening
1378,67.99,StoreC,evening
1077,42.67,StoreB,morning
1409,100.15,StoreB,afternoon
1573,66.31,StoreC,morning
1131,95.81,StoreC,afternoon
1600,40.6,StoreA,evening
1748,97.85,StoreC,evening
1041,55.78,StoreA,afternoon
1088,94.62,StoreC,afternoon
1401,80.29,StoreB,evening
1295,60.92,StoreA,evening
1839,71.86,StoreA,morning
1294,93.73,StoreA,evening
1615,82.12,StoreC,afternoon
1525,91.69,StoreB,morning
1799,119.53,StoreA,afternoon
1690,48.72,StoreA,morning
1636,112.34,StoreA,afternoon
1421,82.09,StoreA,evening
1864,62.02,StoreB,afternoon
1022,53.39,StoreC,morning
1574,76.22,StoreB,afternoon
1142,98.43,StoreA,morning
1992,77.45,StoreB,afternoon
1664,110.22,StoreA,evening
1144,50.98,StoreC,evening
1224,79.76,StoreC,afternoon
1502,54.95,StoreC,afternoon
1961,87.27,StoreA,afternoon
1973,97.74,StoreB,morning
1820,71.58,StoreC,afternoon
1615,27.92,StoreA,afternoon
1103,83.98,StoreA,morning
1946,2129.52,StoreB,evening
1038,88.09,StoreC,afternoon
1946,104.72,StoreA,afternoon
1197,58.58,StoreB,evening
1645,93.6,StoreC,evening
1578,103.85,StoreB,morning
1390,44.43,StoreB,afternoon
1178,86.39,StoreA,afternoon
1967,69.92,StoreA,morning
1553,78.37,StoreA,evening
1447,86.95,StoreB,morning
1499,70.26,StoreA,evening
1014,66.49,StoreB,morning
1622,80.68,StoreB,evening
1668,58.26,StoreA,morning
1288,58.28,StoreC,evening
1477,93.59,StoreC,evening
1230,57.02,StoreC,evening
1922,93.33,StoreB,evening
1419,89.25,StoreB,evening
1156,45.48,StoreB,afternoon
1549,66.45,StoreA,evening
1440,103.88,StoreB,afternoon
1096,60.38,StoreA,evening
1996,70.71,StoreA,afternoon
1410,89.24,StoreC,afternoon
1950,95.67,StoreC,morning
1288,74.97,StoreC,evening
1253,68.05,StoreA,morning
1195,108.45,StoreA,morning
1597,114.78,StoreA,evening
1833,99.58,StoreB,morning
1521,81.71,StoreA,evening
1516,63.83,StoreC,morning
1634,63.39,StoreC,evening
1841,90.45,StoreA,evening
1864,88.37,StoreA,evening
1117,108.03,StoreC,afternoon
1805,93.01,StoreA,morning
1908,49.94,StoreC,afternoon
1158,101.04,StoreB,morning
1814,60.04,StoreC,morning
1227,72.32,StoreB,morning
1876,85.0,StoreA,afternoon
1215,119.91,StoreA,morning
1947,142.2,StoreB,afternoon
1695,92.13,StoreA,evening
1014,76.34,StoreB,morning
1156,90.69,StoreA,morning
1647,97.75,StoreC,evening
1260,73.59,StoreA,evening
1156,115.9,StoreC,morning
1046,84.6,StoreC,evening
1323,89.95,StoreB,afternoon
1843,93.32,StoreA,afternoon
1684,88.43,StoreB,morning
1129,96.78,StoreA,afternoon
1410,67.65,StoreC,afternoon
1094,68.83,StoreC,morning
1626,58.0,StoreA,evening
1754,88.79,StoreA,morning
1931,95.58,StoreB,afternoon
1291,89.16,StoreA,morning
1793,113.49,StoreA,morning
1810,79.89,StoreA,afternoon
1282,93.37,StoreB,afternoon
1068,58.17,StoreA,morning
1659,72.26,StoreC,afternoon
1010,93.91,StoreB,afternoon
1253,96.98,StoreB,afternoon
1841,74.12,StoreC,afternoon
1871,78.57,StoreC,afternoon
1549,49.64,StoreC,afternoon
1133,72.86,StoreA,evening
1711,97.81,StoreC,morning
1022,91.5,StoreA,afternoon
1814,90.01,StoreB,morning
1345,81.0,StoreB,evening
1301,80.14,StoreC,afternoon
1362,66.79,StoreA,morning
1395,2255.52,StoreC,afternoon
1217,88.42,StoreC,afternoon
1140,89.84,StoreA,afternoon
1615,69.48,StoreC,afternoon
1957,36.93,StoreB,afternoon
1209,101.94,StoreC,afternoon
1984,1690.08,StoreA,afternoon
1992,62.74,StoreA,evening
1622,93.87,StoreB,evening
1615,72.16,StoreA,afternoon
1827,101.2,StoreA,afternoon
1682,92.34,StoreB,evening
1459,93.67,StoreC,evening
1355,52.68,StoreB,evening
1323,104.24,StoreC,afternoon
1132,85.23,StoreB,morning
1887,72.61,StoreC,morning
1804,82.87,StoreB,morning
1839,44.48,StoreC,morning
1126,88.17,StoreB,afternoon
1105,59.41,StoreC,morning
1603,52.95,StoreB,evening
1798,49.55,StoreA,evening
1377,102.25,StoreC,morning
1904,67.41,StoreB,evening
1050,110.67,StoreC,afternoon
1028,69.28,StoreC,morning
1461,45.85,StoreB,morning
1295,57.67,StoreC,afternoon
1296,104.72,StoreB,evening
1725,76.88,StoreA,afternoon
1778,69.03,StoreC,afternoon
1406,83.2,StoreA,evening
1768,90.04,StoreC,afternoon
1813,102.35,StoreC,evening
1612,108.97,StoreC,evening
1404,72.8,StoreB,afternoon
1345,53.48,StoreA,evening
1621,71.73,StoreC,afternoon
1419,85.21,StoreB,evening
1181,60.72,StoreC,morning
1982,60.86,StoreB,evening
1824,86.88,StoreC,evening
1000,79.03,StoreA,afternoon
1830,80.66,StoreA,evening
1949,64.83,StoreC,morning
1566,75.39,StoreB,morning
1370,61.52,StoreC,evening
1935,97.8,StoreB,evening
1910,100.7,StoreC,morning
1660,43.08,StoreB,afternoon
1430,61.41,StoreA,morning
1968,50.07,StoreC,morning
1308,67.0,StoreA,evening
1136,78.33,StoreA,evening
1201,51.01,StoreC,morning
1435,61.56,StoreC,afternoon
1312,59.92,StoreB,morning
1116,84.15,StoreB,morning
1665,81.39,StoreA,afternoon
1936,65.57,StoreB,morning
1802,83.54,StoreB,morning
1574,69.07,StoreC,evening
1243,74.57,StoreB,afternoon
1536,113.47,StoreA,evening
1601,106.81,StoreB,evening
1074,54.01,StoreA,afternoon
1805,96.59,StoreC,afternoon
1385,96.23,StoreA,morning
1902,57.03,StoreB,evening
1209,96.38,StoreC,afternoon
1474,110.76,StoreB,evening
1417,57.55,StoreC,evening
1346,61.65,StoreC,afternoon
1528,100.35,StoreB,morning
1639,85.43,StoreB,evening
1938,91.03,StoreC,afternoon
1954,86.81,StoreC,morning
1875,87.81,StoreB,evening
1762,53.47,StoreA,afternoon
1178,100.95,StoreB,evening
1181,103.39,StoreC,afternoon
1663,75.41,StoreB,afternoon
1024,79.13,StoreA,evening
1966,49.38,StoreB,evening
1179,90.29,StoreC,afternoon
1709,91.44,StoreB,morning
1500,78.76,StoreC,evening
1855,102.49,StoreC,afternoon
1160,73.32,StoreB,afternoon
1176,91.29,StoreC,morning
1284,59.61,StoreC,morning
1062,79.53,StoreA,morning
1661,76.51,StoreA,evening
1665,84.51,StoreA,afternoon
1155,72.61,StoreA,afternoon
1881,77.37,StoreC,afternoon
1468,96.52,StoreB,morning
1048,71.26,StoreC,afternoon
1966,47.87,StoreC,evening
1848,114.99,StoreC,morning
1083,107.63,StoreB,morning
1360,54.15,StoreA,morning
1688,93.79,StoreC,morning
1147,69.94,StoreC,evening
1629,85.27,StoreA,afternoon
1341,85.88,StoreC,evening
1475,75.31,StoreB,afternoon
1062,64.32,StoreC,evening
1700,66.19,StoreC,morning
1359,1480.32,StoreA,morning
1560,63.36,StoreC,evening
1326,78.66,StoreC,evening
1768,65.68,StoreB,afternoon
1735,93.64,StoreA,evening
1140,109.74,StoreA,evening
1989,68.4,StoreB,afternoon
1214,84.79,StoreC,afternoon
1434,89.99,StoreA,afternoon
1890,89.44,StoreA,evening
1951,81.52,StoreC,afternoon
1722,94.85,StoreC,morning
1317,89.64,StoreA,morning
1031,55.25,StoreC,morning
1669,97.38,StoreA,evening
1284,97.75,StoreC,morning
1304,64.73,StoreC,evening
1428,80.76,StoreB,evening
1476,93.67,StoreC,morning
1285,75.81,StoreB,afternoon
1143,101.46,StoreC,evening
1423,127.28,StoreA,morning
1018,64.28,StoreA,evening
1017,52.38,StoreC,afternoon
1768,86.08,StoreC,afternoon
1589,94.43,StoreA,morning
1370,75.38,StoreC,evening
1174,109.07,StoreB,evening
1193,1277.52,StoreB,evening
1501,93.86,StoreB,evening
1987,67.88,StoreB,morning
1112,114.39,StoreB,afternoon
1113,119.85,StoreC,morning
1221,64.67,StoreC,evening
1677,69.01,StoreB,evening
1946,97.19,StoreC,afternoon
1830,72.26,StoreC,evening
1643,79.09,StoreB,morning
1896,80.51,StoreC,morning
1263,41.61,StoreC,afternoon
1924,79.72,StoreC,morning
1054,66.21,StoreB,morning
1870,70.14,StoreC,morning
1642,108.87,StoreA,morning
1799,54.87,StoreA,evening
1777,96.26,StoreB,morning
1457,74.42,StoreA,afternoon
1978,74.4,StoreB,afternoon
1877,95.81,StoreA,morning
1161,86.8,StoreA,afternoon
1379,91.41,StoreA,morning
1992,99.36,StoreB,afternoon
1086,73.37,StoreB,afternoon
1054,67.76,StoreC,morning
1475,1399.1999999999998,StoreB,morning
1799,63.49,StoreA,evening
1177,138.98,StoreA,morning
1390,104.89,StoreB,morning
1348,52.98,StoreB,evening
1007,53.55,StoreB,morning
1832,89.64,StoreC,morning
1312,90.95,StoreA,evening
1758,90.98,StoreC,morning
1834,74.9,StoreC,morning
1983,77.49,StoreA,evening
1982,86.56,StoreA,evening
1442,81.72,StoreB,afternoon
1766,35.61,StoreB,morning
1327,75.4,StoreC,afternoon
1053,62.97,StoreB,afternoon
1760,83.5,StoreB,evening
1238,139.71,StoreA,morning
1228,87.35,StoreA,morning
1578,73.73,StoreB,evening
1050,98.44,StoreA,afternoon
1608,89.65,StoreB,evening
1603,88.4,StoreA,morning
1263,92.14,StoreA,evening
1417,121.13,StoreA,morning
1802,57.38,StoreA,afternoon
1095,89.47,StoreB,morning
1087,61.47,StoreC,afternoon
1077,91.11,StoreA,afternoon
1287,61.63,StoreB,morning
1119,71.65,StoreB,morning
1813,74.1,StoreA,afternoon
1490,99.52,StoreC,evening
1911,98.37,StoreA,morning
1451,55.09,StoreB,afternoon
1499,81.1,StoreC,afternoon
1164,65.81,StoreB,evening
1181,54.83,StoreA,morning
1468,75.66,StoreC,afternoon
1909,73.83,StoreB,evening
1734,128.53,StoreB,afternoon
1822,88.66,StoreB,morning
1943,52.45,StoreA,evening
1977,68.7,StoreC,afternoon
1006,100.43,StoreA,evening
1329,121.77,StoreA,morning
1774,48.28,StoreA,evening
1672,42.4,StoreC,morning
1150,117.42,StoreA,afternoon
1084,87.79,StoreA,morning
1146,62.63,StoreA,afternoon
1623,90.69,StoreA,afternoon
1380,27.29,StoreB,morning
1914,80.07,StoreA,afternoon
1547,86.56,StoreB,evening
1284,98.49,StoreA,afternoon
1699,59.72,StoreC,morning
1081,81.71,StoreB,evening
1513,61.49,StoreB,evening
1896,85.11,StoreB,afternoon
1814,62.09,StoreB,afternoon
1708,71.84,StoreC,morning
1915,60.08,StoreA,evening
1522,93.02,StoreB,morning
1745,97.17,StoreC,afternoon
1385,75.31,StoreB,evening
1706,80.76,StoreA,morning
1470,51.03,StoreB,morning
1118,74.01,StoreC,morning
1395,79.0,StoreA,morning
1531,132.42,StoreC,morning
1260,57.76,StoreA,evening
1804,109.28,StoreA,morning
1933,99.94,StoreA,evening
1255,85.61,StoreB,morning
1733,115.17,StoreC,afternoon
1904,87.44,StoreC,afternoon
1225,87.78,StoreC,morning
1052,78.94,StoreA,afternoon
1939,104.47,StoreB,evening
1866,101.93,StoreA,morning
1499,67.49,StoreC,evening
1505,53.62,StoreB,morning
1853,75.94,StoreB,afternoon
1363,64.0,StoreB,evening
1279,78.73,StoreC,afternoon
1592,104.75,StoreB,afternoon
1713,70.85,StoreB,morning
1157,79.14,StoreA,evening
1631,1947.84,StoreA,afternoon
1058,96.97,StoreB,morning
1726,35.06,StoreB,morning
1127,67.87,StoreA,morning
1735,84.23,StoreA,afternoon
1720,104.0,StoreA,morning
1881,70.16,StoreC,evening
1114,42.47,StoreC,evening
1208,92.39,StoreA,afternoon
1525,67.29,StoreB,evening
1520,56.21,StoreA,morning
1551,67.51,StoreC,afternoon
1961,76.31,StoreB,morning
1236,67.91,StoreC,afternoon
1280,35.89,StoreB,afternoon
1358,97.94,StoreC,morning
1200,105.5,StoreB,evening
1757,93.03,StoreB,evening
1277,57.25,StoreB,afternoon
1234,75.97,StoreB,morning
1493,79.87,StoreC,morning
1003,91.98,StoreC,afternoon
1665,93.37,StoreB,evening
1441,65.32,StoreB,morning
1028,81.64,StoreC,evening
1108,2139.6000000000004,StoreB,evening
1609,109.12,StoreB,afternoon
1726,94.09,StoreB,afternoon
1804,95.78,StoreA,evening
1074,81.68,StoreB,morning
1837,108.21,StoreA,morning
1145,88.2,StoreB,afternoon
1127,62.78,StoreC,evening
1852,108.07,StoreA,morning
1041,2255.04,StoreA,morning
1355,71.14,StoreB,afternoon
1040,70.41,StoreB,evening
1933,85.93,StoreA,morning
1033,89.26,StoreC,afternoon
1016,83.95,StoreC,morning
1676,86.23,StoreB,morning
1152,114.0,StoreC,morning
1997,101.43,StoreC,afternoon
1377,83.81,StoreB,evening
1587,98.83,StoreC,afternoon
1598,59.35,StoreB,evening
1628,87.96,StoreA,morning
1873,116.19,StoreB,evening
1341,75.64,StoreA,morning
1980,63.05,StoreA,morning
1026,66.96,StoreC,afternoon
1824,58.21,StoreC,morning
1286,64.3,StoreC,afternoon
1645,72.59,StoreB,evening
1730,51.89,StoreC,evening
1167,80.31,StoreA,morning
1609,98.05,StoreC,afternoon
1267,61.84,StoreC,morning
1748,110.39,StoreB,afternoon
1820,90.22,StoreB,afternoon
1454,100.61,StoreA,afternoon
1905,66.84,StoreB,evening
1684,97.09,StoreC,afternoon
1400,58.16,StoreB,evening
1921,97.8,StoreA,afternoon
1980,83.44,StoreC,evening
1475,91.07,StoreA,evening
1701,56.49,StoreB,evening
1633,1490.4,StoreB,morning
1557,91.94,StoreA,afternoon
1575,61.03,StoreC,morning
1129,89.26,StoreB,afternoon
1821,52.66,StoreB,afternoon
1362,96.96,StoreC,morning
1704,55.35,StoreB,evening
1818,91.05,StoreA,afternoon
1692,92.51,StoreB,evening
1291,66.06,StoreB,morning
1370,91.64,StoreC,evening
1793,85.21,StoreA,afternoon
1028,69.22,StoreC,afternoon
1148,59.83,StoreB,afternoon
1778,40.75,StoreB,morning
1295,86.99,StoreC,afternoon
1010,48.7,StoreC,morning
1511,81.91,StoreC,evening
1675,74.73,StoreA,afternoon
1112,2245.92,StoreB,afternoon
1186,73.96,StoreC,afternoon
1806,73.41,StoreB,evening
1743,94.64,StoreA,afternoon
1226,86.7,StoreA,morning
1309,86.32,StoreA,evening
1097,89.39,StoreA,evening
1054,49.29,StoreB,evening
1622,95.14,StoreA,evening
1663,92.25,StoreA,evening
1757,59.67,StoreC,morning
1405,75.12,StoreA,evening
1068,79.21,StoreC,afternoon
1311,77.31,StoreA,evening
1288,86.68,StoreA,evening
1761,108.63,StoreC,evening
1547,101.64,StoreA,evening
1750,53.76,StoreB,evening
1147,92.44,StoreB,morning
1466,106.58,StoreA,morning
1738,87.74,StoreB,evening
1243,101.82,StoreC,morning
1490,120.25,StoreA,afternoon
1848,100.47,StoreA,evening
1957,84.99,StoreC,afternoon
1506,100.9,StoreC,afternoon
1364,82.9,StoreC,evening
1481,80.48,StoreA,afternoon
1200,72.97,StoreC,afternoon
1153,111.27,StoreC,afternoon
1449,63.63,StoreB,evening
1500,110.65,StoreB,evening
1072,90.0,StoreA,afternoon
1712,52.01,StoreB,evening
1295,87.35,StoreB,evening
1016,38.0,StoreC,afternoon
1640,92.51,StoreC,evening
1216,97.7,StoreB,morning
1060,68.15,StoreB,evening
1938,82.47,StoreB,morning
1615,119.08,StoreA,afternoon
1041,69.89,StoreA,evening
1024,58.82,StoreA,afternoon
1038,109.63,StoreB,afternoon
1802,119.25,StoreB,afternoon
1130,80.07,StoreA,afternoon
1497,100.23,StoreA,afternoon
1228,106.83,StoreB,evening
1107,65.15,StoreC,morning
1171,70.29,StoreA,evening
1434,104.62,StoreB,evening
1477,113.7,StoreB,evening
1101,91.26,StoreC,evening
1865,62.4,StoreB,morning
1523,119.74,StoreB,evening
1274,69.38,StoreA,afternoon
1612,73.3,StoreA,evening
1043,86.85,StoreC,evening
1954,111.08,StoreC,morning
1816,97.08,StoreB,morning
1956,88.3,StoreA,afternoon
1016,89.27,StoreC,evening
1329,80.87,StoreC,evening
1568,91.16,StoreC,evening
1822,29.41,StoreB,afternoon
1496,74.07,StoreA,morning
1814,84.83,StoreC,afternoon
1011,56.98,StoreA,evening
1317,2105.52,StoreC,morning
1591,75.91,StoreC,morning
1215,115.11,StoreA,afternoon
1338,111.46,StoreA,morning
1775,70.68,StoreA,morning
1990,76.98,StoreB,evening
1660,78.52,StoreC,evening
1080,70.97,StoreB,morning
1726,83.9,StoreA,morning
1484,64.83,StoreC,afternoon
1373,57.39,StoreB,afternoon
1975,92.45,StoreC,morning
1709,92.59,StoreB,evening
1199,63.91,StoreA,morning
1536,97.91,StoreB,morning
1465,67.37,StoreC,evening
1088,85.06,StoreC,evening
1267,96.41,StoreC,afternoon
1654,79.33,StoreC,afternoon
1570,89.09,StoreA,afternoon
1921,69.67,StoreB,afternoon
1488,76.07,StoreA,evening
1876,75.88,StoreA,morning
1537,65.07,StoreA,afternoon
1046,76.46,StoreC,afternoon
1287,49.03,StoreC,evening
1777,70.18,StoreC,evening
1015,74.3,StoreB,morning
1710,74.88,StoreC,morning
1400,75.17,StoreB,evening
1918,78.76,StoreC,afternoon
1793,89.59,StoreC,afternoon
1980,97.49,StoreA,afternoon
1085,67.0,StoreA,morning
1249,55.94,StoreA,afternoon
1390,59.16,StoreB,afternoon
1781,70.26,StoreB,evening
1334,72.96,StoreC,afternoon
1628,64.6,StoreB,evening
1518,54.08,StoreC,afternoon
1136,70.88,StoreB,morning
1882,83.63,StoreB,afternoon
1687,91.9,StoreB,afternoon
1839,68.85,StoreA,evening
1497,71.74,StoreB,evening
1826,61.47,StoreA,evening
1726,79.37,StoreA,afternoon
1476,63.03,StoreB,afternoon
1593,91.46,StoreC,morning
1222,1062.72,StoreC,afternoon
